home_team,home_team_score,away_team,away_team_score,home_team_conference,away_team_conference
VMI,4,Emory & Henry,2,SoCon,Not D1
George Washington,2,Old Dominion,4,Atlantic 10,Sun Belt
Delaware,3,Howard,0,CAA,NEC
Boston U.,0,New Hampshire,0,Patriot,America East
Villanova,2,Saint Peter's,2,Big East,MAAC
LIU,2,Stony Brook,1,NEC,CAA
Robert Morris,0,Bucknell,2,Horizon,Patriot
Le Moyne,3,Canisius,2,NEC,MAAC
St. Thomas (MN),1,NIU,0,Summit League,MVC
Louisville,2,Jacksonville,0,ACC,ASUN
Ga. Southern,0,Wofford,0,Sun Belt,SoCon
Siena,0,Massachusetts,0,MAAC,Atlantic 10
Boston College,2,Iona,2,ACC,MAAC
Western Mich.,3,Vermont,1,MVC,America East
St. Bonaventure,0,Saint Francis,3,Atlantic 10,NEC
Milwaukee,0,Lindenwood,0,Horizon,OVC
FDU,3,Manhattan,2,NEC,MAAC
NC State,3,High Point,2,ACC,Big South
UMass Lowell,1,Lafayette,1,America East,Patriot
Eastern Ill.,3,UChicago,0,OVC,Not D1
Temple,1,Army West Point,1,The American,Patriot
Niagara,2,UAlbany,3,MAAC,America East
Sacred Heart,4,Holy Cross,2,MAAC,Patriot
Marquette,2,Drexel,0,Big East,CAA
Xavier,0,Northern Ky.,0,Big East,Horizon
UNC Greensboro,3,USC Upstate,0,SoCon,Big South
Oakland,1,Omaha,2,Horizon,Summit League
Rutgers,3,Northeastern,1,Big Ten,CAA
Clemson,3,Penn St.,0,ACC,Big Ten
Hofstra,0,Fordham,0,CAA,Atlantic 10
Coastal Carolina,2,Col. of Charleston,4,Sun Belt,CAA
Wake Forest,1,VCU,2,ACC,Atlantic 10
Elon,1,FGCU,0,CAA,ASUN
South Fla.,1,Seattle U,4,The American,WAC
FIU,0,Seton Hall,1,The American,Big East
UAB,0,North Carolina,1,AAC,ACC
Creighton,0,Fla. Atlantic,0,Big East,The American
Bellarmine,1,Evansville,2,ASUN,MVC
Michigan,1,Loyola Chicago,0,Big Ten,Atlantic 10
Lehigh,0,La Salle,0,Patriot,Atlantic 10
West Virginia,4,Purdue Fort Wayne,2,Sun Belt,Horizon
Dayton,5,Detroit Mercy,1,Atlantic 10,Horizon
Colgate,0,Syracuse,1,Patriot,ACC
South Carolina,7,Winthrop,1,Sun Belt,Big South
Virginia Tech,4,North Florida,0,ACC,ASUN
Virginia,3,Rider,0,ACC,MAAC
Providence,2,Quinnipiac,0,Big East,MAAC
Mount St. Mary's,0,Binghamton,1,MAAC,America East
Duquesne,3,Seton Hill,1,Atlantic 10,Not D1
Butler,2,Southern Ind.,1,Big East,OVC
Navy,0,George Mason,2,Patriot,Atlantic 10
American,0,California Baptist,0,Patriot,WAC
UMBC,1,Maryland,1,America East,Big Ten
Georgia St.,0,Belmont,0,Sun Belt,MVC
Rhode Island,2,St. John's (NY),0,Atlantic 10,Big East
Marshall,3,Cal St. Fullerton,0,Sun Belt,Big West
Kentucky,3,Oral Roberts,2,Sun Belt,Summit League
UConn,6,Stonehill,0,Big East,NEC
California,1,Denver,2,ACC,Summit League
NJIT,1,Loyola Maryland,1,America East,Patriot
Liberty,5,Mount Olive,0,OVC,Not D1
Saint Joseph's,1,Merrimack,2,Atlantic 10,MAAC
Bradley,1,Chicago St.,0,MVC,NEC
Wisconsin,4,Marist,0,Big Ten,MAAC
Houston Christian,2,Gardner-Webb,3,OVC,Big South
Sacramento St.,1,Utah Valley,3,Big West,WAC
Memphis,1,Lipscomb,2,The American,ASUN
Ohio St.,1,Cleveland St.,1,Big Ten,Horizon
Notre Dame,1,Akron,1,ACC,Big East
Saint Mary's (CA),0,Kansas City,1,WCC,Summit League
Northwestern,2,Green Bay,0,Big Ten,Horizon
Pittsburgh,2,Georgetown,0,ACC,Big East
Furman,1,UNCW,1,SoCon,CAA
UCF,3,Mercer,1,Sun Belt,SoCon
UIW,0,IU Indy,2,OVC,Horizon
Central Ark.,3,Evangel,0,ASUN,Not D1
Drake,3,Grand View,0,MVC,Not D1
ETSU,3,Longwood,1,SoCon,Big South
SIUE,1,Michigan St.,1,OVC,Big Ten
UIC,3,DePaul,4,MVC,Big East
SMU,1,Air Force,0,ACC,WAC
UCLA,2,LMU (CA),0,Big Ten,WCC
Grand Canyon,3,Western Ill.,0,WAC,OVC
CSUN,0,James Madison,0,Big West,Sun Belt
UC San Diego,0,Santa Clara,1,Big West,WCC
San Diego,2,Duke,2,WCC,ACC
UC Santa Barbara,3,Missouri St.,1,Big West,MVC
Pacific,1,UC Davis,0,WCC,Big West
Gonzaga,4,Northwest (WA),1,WCC,Not D1
Stanford,2,San Jose St.,1,ACC,WAC
Oregon St.,2,UC Irvine,1,WCC,Big West
CSU Bakersfield,1,Utah Tech,0,Big West,WAC
San Francisco,0,Cal Poly,0,WCC,Big West
UNLV,2,Tulsa,0,WAC,AAC
UNC Asheville,3,Stetson,1,Big South,ASUN
Monmouth,4,Fairfield,0,CAA,MAAC
Bowling Green,3,Wright St.,2,MVC,Horizon
Charlotte,3,Davidson,0,The American,Atlantic 10
Campbell,2,Radford,1,CAA,Big South
Saint Louis,2,Indiana,0,Atlantic 10,Big Ten
San Diego St.,5,UC Riverside,2,WAC,Big West
Portland,2,Washington,1,WCC,Big Ten
Presbyterian,9,Erskine,0,Big South,Not D1
San Francisco,2,Kansas City,2,WCC,Summit League
Stonehill,1,Navy,1,NEC,Patriot
Binghamton,1,Le Moyne,0,America East,NEC
George Washington,2,Saint Peter's,1,Atlantic 10,MAAC
Duquesne,3,Canisius,1,Atlantic 10,MAAC
Wisconsin,4,Drexel,0,Big Ten,CAA
Michigan,2,Oakland,1,Big Ten,Horizon
Milwaukee,3,Bradley,2,Horizon,MVC
Lindenwood,1,UTRGV,3,OVC,WAC
Dayton,0,Jacksonville,3,Atlantic 10,ASUN
South Carolina,2,North Florida,2,Sun Belt,ASUN
Marquette,6,Marist,1,Big East,MAAC
NIU,4,Chicago St.,2,MVC,NEC
UAlbany,0,LIU,1,America East,NEC
UC Davis,2,Utah Valley,2,Big West,WAC
NC State,1,FGCU,0,ACC,ASUN
Mount St. Mary's,3,Robert Morris,3,MAAC,Horizon
Cleveland St.,1,St. Bonaventure,0,Horizon,Atlantic 10
UCF,1,Seattle U,1,Sun Belt,WAC
Northwestern,2,DePaul,1,Big Ten,Big East
California,1,Sacramento St.,0,ACC,Big West
Penn St.,2,Army West Point,1,Big Ten,Patriot
Creighton,5,Drake,3,Big East,MVC
American,1,Hofstra,4,Patriot,CAA
Butler,1,Western Ill.,1,Big East,OVC
San Jose St.,1,CSU Bakersfield,1,WAC,Big West
Winthrop,1,Furman,2,Big South,SoCon
New Hampshire,0,Western Mich.,1,America East,MVC
USC Upstate,2,ETSU,0,Big South,SoCon
UMass Lowell,2,Central Conn. St.,0,America East,NEC
Wake Forest,3,Central Ark.,2,ACC,ASUN
Belmont,3,Southern Ind.,0,MVC,OVC
Memphis,0,Evansville,3,The American,MVC
Akron,0,Ohio St.,2,Big East,Big Ten
Omaha,3,Fla. Atlantic,2,Summit League,The American
LMU (CA),1,CSUN,2,WCC,Big West
South Fla.,0,Mercer,0,The American,SoCon
Stanford,0,Denver,1,ACC,Summit League
Xavier,4,Cal St. Fullerton,1,Big East,Big West
Syracuse,3,Niagara,0,ACC,MAAC
Virginia,0,Colgate,1,ACC,Patriot
Temple,3,Villanova,2,The American,Big East
Campbell,2,N.C. Wesleyan,0,CAA,Not D1
Pittsburgh,2,Mercyhurst,0,ACC,NEC
UNC Greensboro,1,Coastal Carolina,0,SoCon,Sun Belt
SMU,1,Oral Roberts,1,ACC,Summit League
St. John's (NY),1,Stony Brook,1,Big East,CAA
Northern Ky.,1,Bellarmine,2,Horizon,ASUN
North Carolina,0,California Baptist,0,ACC,WAC
Maryland,0,Georgetown,2,Big Ten,Big East
Houston Christian,0,IU Indy,1,OVC,Horizon
UIC,4,Green Bay,2,MVC,Horizon
UIW,1,Gardner-Webb,1,OVC,Big South
Saint Mary's (CA),2,Cal Poly,0,WCC,Big West
Gonzaga,6,St. Thomas (MN),1,WCC,Summit League
UC San Diego,2,Duke,3,Big West,ACC
UCLA,0,James Madison,0,Big Ten,Sun Belt
VMI,4,Warren Wilson,0,SoCon,Not D1
Eastern Ill.,1,Detroit Mercy,5,OVC,Horizon
Boston College,1,Providence,1,ACC,Big East
Bryant,0,Massachusetts,0,America East,Atlantic 10
Stetson,1,FIU,0,ASUN,The American
Lehigh,1,Rider,0,Patriot,MAAC
West Virginia,4,Saint Francis,0,Sun Belt,NEC
Rutgers,1,Delaware,4,Big Ten,CAA
Elon,5,Radford,0,CAA,Big South
Longwood,2,Liberty,2,Big South,OVC
FDU,4,Fairfield,3,NEC,MAAC
VCU,3,Old Dominion,1,Atlantic 10,Sun Belt
La Salle,0,NJIT,3,Atlantic 10,America East
Michigan St.,0,Bowling Green,1,Big Ten,MVC
Rhode Island,1,Quinnipiac,0,Atlantic 10,MAAC
UMBC,3,Howard,2,America East,NEC
Missouri St.,3,Pacific,0,MVC,WCC
San Diego,3,San Diego St.,0,WCC,WAC
Washington,1,Oregon St.,0,Big Ten,WCC
Northeastern,1,Boston U.,1,CAA,Patriot
Holy Cross,3,Merrimack,0,Patriot,MAAC
Virginia Tech,2,UNC Asheville,0,ACC,Big South
High Point,1,Davidson,1,Big South,Atlantic 10
UAB,1,Georgia St.,0,AAC,Sun Belt
Sacred Heart,1,Fordham,2,MAAC,Atlantic 10
Binghamton,0,William & Mary,3,America East,CAA
Lafayette,1,Siena,0,Patriot,MAAC
Tulsa,1,Louisville,2,AAC,ACC
Green Bay,3,Southern Ind.,2,Horizon,OVC
St. Thomas (MN),1,DePaul,1,Summit League,Big East
Saint Peter's,0,UMass Lowell,3,MAAC,America East
Jacksonville,0,Mercer,1,ASUN,SoCon
Wright St.,4,Lindenwood,1,Horizon,OVC
ETSU,1,Presbyterian,1,SoCon,Big South
Eastern Ill.,0,Purdue Fort Wayne,3,OVC,Horizon
Dayton,3,UNLV,1,Atlantic 10,WAC
Fla. Atlantic,5,Stetson,1,The American,ASUN
Stony Brook,0,Rider,1,CAA,MAAC
Temple,0,Monmouth,2,The American,CAA
Omaha,1,San Francisco,0,Summit League,WCC
Coastal Carolina,0,Elon,3,Sun Belt,CAA
Hofstra,2,Providence,0,CAA,Big East
Queens (NC),1,Wofford,2,ASUN,SoCon
Loyola Maryland,0,Iona,2,Patriot,MAAC
Virginia,5,Saint Joseph's,0,ACC,Atlantic 10
Canisius,1,St. Bonaventure,2,MAAC,Atlantic 10
South Fla.,2,Eckerd,0,The American,Not D1
Colgate,3,Stonehill,1,Patriot,NEC
Campbell,1,Old Dominion,0,CAA,Sun Belt
USC Upstate,1,Col. of Charleston,5,Big South,CAA
Xavier,2,Marshall,0,Big East,Sun Belt
North Carolina,3,FIU,1,ACC,The American
UConn,2,NJIT,1,Big East,America East
Seton Hall,2,UAlbany,1,Big East,America East
Central Conn. St.,0,Bryant,2,NEC,America East
St. John's (NY),2,Manhattan,1,Big East,MAAC
North Florida,3,Winthrop,1,ASUN,Big South
Belmont,2,Northern Ky.,1,MVC,Horizon
Syracuse,2,Charlotte,2,ACC,The American
Indiana,2,Notre Dame,2,Big Ten,ACC
Air Force,1,Army West Point,2,WAC,Patriot
Houston Christian,4,North American,1,OVC,Not D1
Creighton,1,Loyola Chicago,1,Big East,Atlantic 10
Bradley,4,Western Ill.,0,MVC,OVC
Ohio St.,4,SIUE,0,Big Ten,OVC
Wisconsin,5,UIC,1,Big Ten,MVC
Memphis,5,NIU,1,The American,MVC
Utah Valley,3,UC San Diego,1,WAC,Big West
Oral Roberts,1,Cal Poly,0,Summit League,Big West
SMU,1,Saint Louis,0,ACC,Atlantic 10
LMU (CA),1,California,0,WCC,ACC
Stanford,5,Cal St. Fullerton,0,ACC,Big West
Kansas City,0,UC Santa Barbara,3,Summit League,Big West
San Diego St.,2,Mercyhurst,1,WAC,NEC
UC Irvine,1,Vermont,1,Big West,America East
Gonzaga,2,UIW,0,WCC,OVC
San Diego,8,Lipscomb,1,WCC,ASUN
Washington,2,Denver,2,Big Ten,Summit League
UC Riverside,1,Utah Tech,2,Big West,WAC
Michigan St.,1,Villanova,0,Big Ten,Big East
Quinnipiac,2,Columbia,0,MAAC,Ivy League
Georgetown,1,UNC Greensboro,0,Big East,SoCon
Western Mich.,1,Akron,1,MVC,Big East
Drexel,3,La Salle,2,CAA,Atlantic 10
Yale,0,Marquette,1,Ivy League,Big East
UMBC,4,Niagara,0,America East,MAAC
Cleveland St.,3,Chicago St.,1,Horizon,NEC
Brown,2,Lehigh,1,Ivy League,Patriot
Navy,0,FDU,0,Patriot,NEC
Boston College,2,Dartmouth,1,ACC,Ivy League
South Carolina,2,Clemson,2,Sun Belt,ACC
West Virginia,4,George Washington,0,Sun Belt,Atlantic 10
UNCW,1,American,0,CAA,Patriot
Furman,2,North Greenville,1,SoCon,Not D1
Ga. Southern,2,FGCU,0,Sun Belt,ASUN
George Mason,4,Delaware,2,Atlantic 10,CAA
IU Indy,1,Bowling Green,4,Horizon,MVC
Duke,2,Grand Canyon,3,ACC,WAC
Michigan,1,Oregon St.,1,Big Ten,WCC
Rutgers,3,Princeton,1,Big Ten,Ivy League
Penn St.,1,Pittsburgh,2,Big Ten,ACC
Maryland,5,Detroit Mercy,2,Big Ten,Horizon
Northwestern,2,Drake,1,Big Ten,MVC
UCLA,2,Portland,0,Big Ten,WCC
Butler,2,Oakland,1,Big East,Horizon
Bucknell,2,Mount St. Mary's,0,Patriot,MAAC
Bradley,1,Purdue Fort Wayne,0,MVC,Horizon
Harvard,1,Holy Cross,1,Ivy League,Patriot
Cornell,3,Marist,0,Ivy League,MAAC
New Hampshire,3,William & Mary,2,America East,CAA
UCF,1,Wake Forest,1,Sun Belt,ACC
James Madison,2,NC State,2,Sun Belt,ACC
Fairfield,2,Lafayette,3,MAAC,Patriot
VCU,1,High Point,1,Atlantic 10,Big South
UC Davis,2,Santa Clara,1,Big West,WCC
California Baptist,4,CSU Bakersfield,1,WAC,Big West
Northeastern,0,Siena,0,CAA,MAAC
Saint Francis,1,Wright St.,3,NEC,Horizon
Stonehill,0,Rhode Island,1,NEC,Atlantic 10
Seton Hall,1,Manhattan,0,Big East,MAAC
Fordham,3,Colgate,2,Atlantic 10,Patriot
Omaha,1,Loyola Chicago,0,Summit League,Atlantic 10
NIU,1,Green Bay,2,MVC,Horizon
Liberty,1,Georgia St.,2,OVC,Sun Belt
Duke,14,Averett,1,ACC,Not D1
Xavier,0,Duquesne,1,Big East,Atlantic 10
Merrimack,0,Boston College,1,MAAC,ACC
UAB,1,Northern Ky.,1,AAC,Horizon
Dayton,4,SIUE,0,Atlantic 10,OVC
UNC Asheville,3,VMI,0,Big South,SoCon
Gardner-Webb,3,Barton,1,Big South,Not D1
Western Ill.,2,Quincy,0,OVC,Not D1
UMass Lowell,1,Boston U.,1,America East,Patriot
Jacksonville,1,Winthrop,1,ASUN,Big South
Fla. Atlantic,3,Belmont,1,The American,MVC
Monmouth,1,Iona,1,CAA,MAAC
UConn,0,LIU,0,Big East,NEC
Old Dominion,1,Radford,0,Sun Belt,Big South
Penn,1,Pittsburgh,0,Ivy League,ACC
SMU,2,Denver,2,ACC,Summit League
Creighton,4,San Francisco,2,Big East,WCC
Memphis,0,Central Ark.,3,The American,ASUN
UC Irvine,3,Mercyhurst,1,Big West,NEC
Ohio St.,3,UNLV,2,Big Ten,WAC
North Florida,0,Mercer,0,ASUN,SoCon
St. John's (NY),3,UAlbany,0,Big East,America East
Tulsa,3,Cal Poly,2,AAC,Big West
Evansville,3,Southern Ind.,1,MVC,OVC
Oral Roberts,2,UC Santa Barbara,1,Summit League,Big West
Stanford,4,Saint Mary's (CA),1,ACC,WCC
Indiana,2,Yale,0,Big Ten,Ivy League
Cal St. Fullerton,6,Utah Tech,1,Big West,WAC
San Jose St.,2,Sacramento St.,1,WAC,Big West
Air Force,1,Washington,2,WAC,Big Ten
Gonzaga,2,Houston Christian,1,WCC,OVC
CSUN,0,California,1,Big West,ACC
UC San Diego,2,Lipscomb,2,Big West,ASUN
UC Riverside,0,Pacific,2,Big West,WCC
Michigan St.,1,Oregon St.,2,Big Ten,WCC
Georgetown,0,FIU,0,Big East,The American
Marshall,6,Loyola Maryland,1,Sun Belt,Patriot
Canisius,3,Central Conn. St.,0,MAAC,NEC
Rider,3,Saint Joseph's,1,MAAC,Atlantic 10
Michigan,2,Bowling Green,0,Big Ten,MVC
DePaul,1,Drake,2,Big East,MVC
Western Mich.,5,Villanova,1,MVC,Big East
Detroit Mercy,1,Chicago St.,2,Horizon,NEC
Massachusetts,1,Providence,2,Atlantic 10,Big East
UMBC,0,FDU,1,America East,NEC
Penn St.,4,St. Bonaventure,0,Big Ten,Atlantic 10
Hofstra,3,Binghamton,2,CAA,America East
Milwaukee,1,St. Thomas (MN),1,Horizon,Summit League
Army West Point,0,Sacred Heart,1,Patriot,MAAC
Davidson,0,Campbell,0,Atlantic 10,CAA
Col. of Charleston,3,Stetson,2,CAA,ASUN
Lehigh,0,Rutgers,2,Patriot,Big Ten
Akron,3,Cleveland St.,3,Big East,Horizon
Queens (NC),3,Presbyterian,1,ASUN,Big South
American,0,Temple,0,Patriot,The American
UNCW,1,South Fla.,1,CAA,The American
Charlotte,2,Furman,0,The American,SoCon
Navy,3,Niagara,0,Patriot,MAAC
Elon,2,Grand Canyon,1,CAA,WAC
Syracuse,0,Le Moyne,1,ACC,NEC
Louisville,3,Bellarmine,1,ACC,ASUN
Maryland,1,Virginia,1,Big Ten,ACC
North Carolina,6,ETSU,0,ACC,SoCon
Kentucky,2,Virginia Tech,2,Sun Belt,ACC
Saint Louis,1,IU Indy,1,Atlantic 10,Horizon
Wisconsin,2,Marquette,1,Big Ten,Big East
UIC,0,Northwestern,1,MVC,Big Ten
Missouri St.,2,Kansas City,3,MVC,Summit League
San Diego St.,0,Vermont,1,WAC,America East
Portland,7,Multnomah,2,WCC,Not D1
Stony Brook,3,George Washington,0,CAA,Atlantic 10
Delaware,4,Saint Peter's,0,CAA,MAAC
George Mason,1,Bucknell,0,Atlantic 10,Patriot
Coastal Carolina,2,USC Upstate,1,Sun Belt,Big South
Robert Morris,2,Saint Francis,1,Horizon,NEC
LIU,1,UMass Lowell,3,NEC,America East
Fairfield,2,Stonehill,3,MAAC,NEC
Butler,1,Indiana,1,Big East,Big Ten
William & Mary,2,Longwood,0,CAA,Big South
UTRGV,5,TAMU-San Antonio,0,WAC,Not D1
Evansville,1,Eastern Ill.,0,MVC,OVC
San Diego,1,Washington,1,WCC,Big Ten
Marquette,0,Purdue Fort Wayne,0,Big East,Horizon
Boston U.,1,Saint Mary's (CA),1,Patriot,WCC
Virginia Tech,2,Presbyterian,1,ACC,Big South
Dartmouth,4,FDU,1,Ivy League,NEC
Western Ill.,4,St. Ambrose,2,OVC,Not D1
Army West Point,0,Marist,1,Patriot,MAAC
Central Ark.,1,Oral Roberts,0,ASUN,Summit League
Mercer,2,Memphis,0,SoCon,The American
UAlbany,0,Siena,1,America East,MAAC
Cleveland St.,0,Mercyhurst,2,Horizon,NEC
Xavier,2,Bradley,2,Big East,MVC
Duquesne,1,Niagara,0,Atlantic 10,MAAC
Fla. Atlantic,0,Utah Valley,1,The American,WAC
Fordham,4,Santa Clara,0,Atlantic 10,WCC
Bryant,1,Merrimack,0,America East,MAAC
Rhode Island,1,Harvard,1,Atlantic 10,Ivy League
Lipscomb,2,Georgia St.,1,ASUN,Sun Belt
Loyola Chicago,4,Wright St.,2,Atlantic 10,Horizon
UCLA,1,Cal St. Fullerton,3,Big Ten,Big West
Gonzaga,2,Utah Tech,0,WCC,WAC
Portland,2,CSU Bakersfield,3,WCC,Big West
CSUN,0,Pacific,0,Big West,WCC
Cal Poly,1,San Jose St.,0,Big West,WAC
North Florida,0,UAB,1,ASUN,AAC
Drake,1,Houston Christian,0,MVC,OVC
Georgetown,2,Cornell,2,Big East,Ivy League
Green Bay,1,Chicago St.,0,Horizon,NEC
Western Mich.,1,Northwestern,0,MVC,Big Ten
Virginia,0,Duke,1,ACC,ACC
Canisius,2,VMI,0,MAAC,SoCon
Sacred Heart,5,Lehigh,0,MAAC,Patriot
La Salle,1,Mount St. Mary's,0,Atlantic 10,MAAC
Binghamton,1,Colgate,1,America East,Patriot
Col. of Charleston,2,Jacksonville,0,CAA,ASUN
Central Conn. St.,1,UConn,2,NEC,Big East
Oakland,0,UIC,1,Horizon,MVC
USC Upstate,2,Liberty,5,Big South,OVC
Princeton,2,New Hampshire,3,Ivy League,America East
Gardner-Webb,3,Wake Forest,1,Big South,ACC
Louisville,1,Notre Dame,2,ACC,ACC
Seton Hall,2,Columbia,0,Big East,Ivy League
Stetson,1,Ga. Southern,2,ASUN,Sun Belt
Providence,1,Rutgers,0,Big East,Big Ten
Old Dominion,1,UMBC,1,Sun Belt,America East
Davidson,2,UNC Greensboro,2,Atlantic 10,SoCon
Boston College,1,Syracuse,1,ACC,ACC
Akron,4,VCU,0,Big East,Atlantic 10
North Carolina,2,St. John's (NY),2,ACC,Big East
Loyola Maryland,0,Saint Joseph's,0,Patriot,Atlantic 10
Clemson,2,Stanford,3,ACC,ACC
Penn,4,Temple,0,Ivy League,The American
South Fla.,3,FGCU,3,The American,ASUN
UCF,5,UC Irvine,1,Sun Belt,Big West
Winthrop,2,Queens (NC),1,Big South,ASUN
Michigan,2,Detroit Mercy,0,Big Ten,Horizon
Michigan St.,1,Air Force,1,Big Ten,WAC
Marshall,2,High Point,0,Sun Belt,Big South
Kentucky,0,Wisconsin,1,Sun Belt,Big Ten
Maryland,2,Brown,1,Big Ten,Ivy League
Missouri St.,1,Tulsa,0,MVC,AAC
Lindenwood,3,Evansville,2,OVC,MVC
NIU,2,Kansas City,6,MVC,Summit League
NC State,2,California,1,ACC,ACC
Creighton,1,Denver,3,Big East,Summit League
Grand Canyon,2,Omaha,0,WAC,Summit League
UC Santa Barbara,4,UNLV,1,Big West,WAC
LMU (CA),1,UC Riverside,2,WCC,Big West
Seattle U,3,San Francisco,2,WAC,WCC
San Diego St.,1,Sacramento St.,0,WAC,Big West
St. Thomas (MN),3,St. Cloud St.,2,Summit League,Not D1
Northeastern,0,Campbell,1,CAA,CAA
ETSU,2,UNCW,2,SoCon,CAA
Le Moyne,2,Delaware,2,NEC,CAA
Vermont,1,American,1,America East,Patriot
George Washington,0,Rider,4,Atlantic 10,MAAC
Stonehill,2,Iona,1,NEC,MAAC
Longwood,2,Navy,1,Big South,Patriot
Elon,3,Drexel,1,CAA,CAA
Bellarmine,0,UNC Asheville,0,ASUN,Big South
Villanova,1,Lafayette,1,Big East,Patriot
Quinnipiac,1,St. Bonaventure,2,MAAC,Atlantic 10
William & Mary,0,Hofstra,1,CAA,CAA
UMass Lowell,2,Holy Cross,1,America East,Patriot
Radford,0,Wofford,1,Big South,SoCon
Manhattan,2,LIU,1,MAAC,NEC
Monmouth,2,Stony Brook,2,CAA,CAA
George Mason,4,Howard,3,Atlantic 10,NEC
South Carolina,2,Belmont,1,Sun Belt,MVC
NJIT,4,Saint Peter's,0,America East,MAAC
Bucknell,0,Saint Francis,3,Patriot,NEC
Bowling Green,3,Butler,2,MVC,Big East
Yale,3,Massachusetts,4,Ivy League,Atlantic 10
UTRGV,1,UIW,2,WAC,OVC
SMU,1,Pittsburgh,3,ACC,ACC
Mercer,2,Southern Ind.,0,SoCon,OVC
Northern Ky.,3,Western Ill.,0,Horizon,OVC
Dartmouth,2,Saint Mary's (CA),2,Ivy League,WCC
Western Mich.,5,Air Force,1,MVC,WAC
Niagara,5,VMI,0,MAAC,SoCon
DePaul,4,Wright St.,1,Big East,Horizon
Lindenwood,5,Westminster (MO),0,OVC,Not D1
Furman,0,Virginia Tech,3,SoCon,ACC
Cal Poly,3,Gonzaga,0,Big West,WCC
Oregon St.,1,UC Davis,2,WCC,Big West
Georgia St.,1,Memphis,3,Sun Belt,The American
Boston U.,1,Santa Clara,2,Patriot,WCC
Ohio St.,3,Xavier,1,Big Ten,Big East
FGCU,0,Utah Valley,2,ASUN,WAC
SIUE,1,Saint Louis,0,OVC,Atlantic 10
Lipscomb,2,Charlotte,3,ASUN,The American
Portland,1,Utah Tech,1,WCC,WAC
California Baptist,2,West Virginia,3,WAC,Sun Belt
UC San Diego,1,San Diego,2,Big West,WCC
Stetson,1,UAB,1,ASUN,AAC
Bradley,1,Green Bay,2,MVC,Horizon
Robert Morris,0,Mercyhurst,1,Horizon,NEC
Saint Joseph's,2,Army West Point,1,Atlantic 10,Patriot
Ga. Southern,4,North Florida,1,Sun Belt,ASUN
Akron,1,IU Indy,2,Big East,Horizon
Coastal Carolina,2,Presbyterian,3,Sun Belt,Big South
Wake Forest,1,Radford,0,ACC,Big South
South Fla.,2,UC Irvine,1,The American,Big West
Providence,0,Rhode Island,1,Big East,Atlantic 10
James Madison,1,Georgetown,0,Sun Belt,Big East
Penn,3,Fordham,1,Ivy League,Atlantic 10
Oakland,3,Michigan St.,0,Horizon,Big Ten
Rutgers,1,Seton Hall,3,Big Ten,Big East
Northwestern,1,Marquette,0,Big Ten,Big East
UConn,2,Siena,1,Big East,MAAC
Penn St.,2,Cornell,3,Big Ten,Ivy League
Marist,0,UAlbany,2,MAAC,America East
Maryland,1,San Diego St.,1,Big Ten,WAC
Kentucky,0,Louisville,1,Sun Belt,ACC
Drake,2,Kansas City,0,MVC,Summit League
Indiana,0,Dayton,2,Big Ten,Atlantic 10
Omaha,2,Houston Christian,2,Summit League,OVC
Chicago St.,0,Milwaukee,3,NEC,Horizon
Grand Canyon,0,Creighton,1,WAC,Big East
UCLA,0,Denver,0,Big Ten,Summit League
Pacific,0,UC Santa Barbara,1,WCC,Big West
Washington,2,Seattle U,1,Big Ten,WAC
Quinnipiac,5,Central Conn. St.,1,MAAC,NEC
UNC Asheville,1,Wofford,0,Big South,SoCon
Lehigh,2,Vermont,3,Patriot,America East
Drexel,2,Temple,0,CAA,The American
NC State,7,Winthrop,0,ACC,Big South
Holy Cross,0,Stonehill,1,Patriot,NEC
Northeastern,4,Merrimack,1,CAA,MAAC
Queens (NC),1,Col. of Charleston,3,ASUN,CAA
Bellarmine,1,Belmont,1,ASUN,MVC
South Carolina,4,USC Upstate,0,Sun Belt,Big South
Sacred Heart,1,NJIT,0,MAAC,America East
UNC Greensboro,2,Longwood,0,SoCon,Big South
Navy,0,George Washington,1,Patriot,Atlantic 10
Delaware,2,Mount St. Mary's,1,CAA,MAAC
Old Dominion,2,William & Mary,0,Sun Belt,CAA
Brown,0,FDU,0,Ivy League,NEC
Butler,4,Evansville,1,Big East,MVC
St. John's (NY),1,Princeton,2,Big East,Ivy League
Lafayette,0,Binghamton,1,Patriot,America East
UNCW,0,George Mason,1,CAA,Atlantic 10
Monmouth,1,La Salle,0,CAA,Atlantic 10
Bryant,3,Iona,1,America East,MAAC
Clemson,6,Loyola Maryland,0,ACC,Patriot
Marshall,2,Gardner-Webb,0,Sun Belt,Big South
Central Ark.,0,Missouri St.,2,ASUN,MVC
Tulsa,2,Oral Roberts,2,AAC,Summit League
Notre Dame,1,Duquesne,1,ACC,Atlantic 10
LMU (CA),0,West Virginia,0,WCC,Sun Belt
Stanford,3,UC Riverside,0,ACC,Big West
LIU,2,Fairfield,1,NEC,MAAC
Le Moyne,2,Saint Peter's,0,NEC,MAAC
Massachusetts,7,UMass Lowell,1,Atlantic 10,America East
Manhattan,1,Columbia,0,MAAC,Ivy League
Davidson,0,Furman,0,Atlantic 10,SoCon
FIU,4,UCF,3,The American,Sun Belt
High Point,1,ETSU,0,Big South,SoCon
Purdue Fort Wayne,10,Ind.-East,0,Horizon,Not D1
Campbell,1,VCU,1,CAA,Atlantic 10
CSU Bakersfield,0,UNLV,1,Big West,WAC
California Baptist,3,CSUN,3,WAC,Big West
Presbyterian,3,VMI,0,Big South,SoCon
Sacramento St.,1,San Francisco,0,Big West,WCC
UTRGV,1,Jacksonville,1,WAC,ASUN
Saint Mary's (CA),0,UC Davis,2,WCC,Big West
UIC,2,Loyola Chicago,0,MVC,Atlantic 10
Marquette,1,Edgewood,0,Big East,Not D1
San Jose St.,1,UC San Diego,1,WAC,Big West
Seattle U,1,Gonzaga,2,WAC,WCC
Santa Clara,1,Grand Canyon,1,WCC,WAC
DePaul,2,Mercyhurst,3,Big East,NEC
Memphis,1,SIUE,1,The American,OVC
Siena,0,Xavier,0,MAAC,Big East
Fla. Atlantic,2,North Florida,0,The American,ASUN
NC State,1,Stetson,1,ACC,ASUN
Boston College,0,Clemson,1,ACC,ACC
Ohio St.,1,Butler,0,Big Ten,Big East
Marist,2,Fordham,1,MAAC,Atlantic 10
Duke,1,North Carolina,2,ACC,ACC
Dartmouth,1,UConn,2,Ivy League,Big East
UNC Greensboro,0,Charlotte,0,SoCon,The American
Michigan,2,Penn St.,1,Big Ten,Big Ten
Pittsburgh,3,Louisville,2,ACC,ACC
Georgia St.,3,USC Upstate,2,Sun Belt,Big South
UMBC,4,Saint Joseph's,0,America East,Atlantic 10
William & Mary,0,Penn,2,CAA,Ivy League
Bowling Green,2,NIU,1,MVC,MVC
Wake Forest,1,Virginia,1,ACC,ACC
Kansas City,3,Mercer,3,Summit League,SoCon
California,1,SMU,2,ACC,ACC
Michigan St.,1,Washington,0,Big Ten,Big Ten
Rutgers,0,Indiana,1,Big Ten,Big Ten
Maryland,3,Wisconsin,0,Big Ten,Big Ten
Syracuse,0,Virginia Tech,2,ACC,ACC
Northwestern,0,UCLA,1,Big Ten,Big Ten
UIW,4,Our Lady of the Lake,0,OVC,Not D1
UC Irvine,0,San Diego,1,Big West,WCC
Utah Valley,1,Cal Poly,1,WAC,Big West
Utah Tech,1,Lindenwood,2,WAC,OVC
UC Santa Barbara,0,New Hampshire,0,Big West,America East
Cal St. Fullerton,2,LMU (CA),2,Big West,WCC
Portland,0,Saint Louis,2,WCC,Atlantic 10
Georgetown,2,LIU,2,Big East,NEC
Bucknell,2,Navy,1,Patriot,Patriot
Boston U.,3,Army West Point,2,Patriot,Patriot
Massachusetts,1,Brown,0,Atlantic 10,Ivy League
Stonehill,1,St. Thomas (MN),2,NEC,Summit League
Akron,0,Temple,1,Big East,The American
Hofstra,3,UNCW,0,CAA,CAA
Iona,1,Binghamton,2,MAAC,America East
Drexel,1,Northeastern,0,CAA,CAA
Wofford,1,Winthrop,0,SoCon,Big South
American,2,Loyola Maryland,0,Patriot,Patriot
Stony Brook,2,Col. of Charleston,4,CAA,CAA
Quinnipiac,0,La Salle,0,MAAC,Atlantic 10
Campbell,2,Monmouth,2,CAA,CAA
Delaware,3,Elon,4,CAA,CAA
Davidson,0,UNC Asheville,3,Atlantic 10,Big South
Robert Morris,0,Northern Ky.,0,Horizon,Horizon
Green Bay,5,Detroit Mercy,1,Horizon,Horizon
Canisius,3,Saint Francis,3,MAAC,NEC
Wright St.,2,IU Indy,0,Horizon,Horizon
Colgate,2,Lafayette,1,Patriot,Patriot
Purdue Fort Wayne,2,Milwaukee,0,Horizon,Horizon
VMI,2,Howard,1,SoCon,NEC
UAlbany,2,Cornell,2,America East,Ivy League
Holy Cross,2,Lehigh,1,Patriot,Patriot
Central Conn. St.,1,Rhode Island,1,NEC,Atlantic 10
Vermont,5,Fairfield,0,America East,MAAC
Oakland,2,Cleveland St.,1,Horizon,Horizon
Rider,2,NJIT,1,MAAC,America East
Seton Hall,3,Harvard,2,Big East,Ivy League
Columbia,0,Sacred Heart,1,Ivy League,MAAC
FDU,2,Villanova,2,NEC,Big East
Notre Dame,0,Stanford,1,ACC,ACC
Niagara,4,St. Bonaventure,2,MAAC,Atlantic 10
Merrimack,1,UMass Lowell,2,MAAC,America East
Mount St. Mary's,1,Longwood,1,MAAC,Big South
James Madison,2,Liberty,0,Sun Belt,OVC
Coastal Carolina,0,Gardner-Webb,1,Sun Belt,Big South
Creighton,3,Tulsa,0,Big East,AAC
Marshall,1,St. John's (NY),1,Sun Belt,Big East
Bryant,1,Providence,2,America East,Big East
Southern Ind.,0,Bellarmine,8,OVC,ASUN
Oral Roberts,2,Houston Christian,2,Summit League,OVC
Evansville,1,Drake,2,MVC,MVC
Lipscomb,2,Kentucky,2,ASUN,Sun Belt
Denver,4,Yale,1,Summit League,Ivy League
UC Santa Barbara,2,Westmont,2,Big West,Not D1
High Point,3,FGCU,0,Big South,ASUN
Belmont,1,Western Mich.,1,MVC,MVC
Oregon St.,4,San Diego St.,1,WCC,WAC
UCF,0,South Fla.,0,Sun Belt,The American
Old Dominion,1,George Mason,0,Sun Belt,Atlantic 10
UC Davis,2,San Francisco,1,Big West,WCC
Ga. Southern,2,UAB,2,Sun Belt,AAC
South Carolina,2,ETSU,0,Sun Belt,SoCon
Central Ark.,1,FIU,3,ASUN,The American
Saint Mary's (CA),2,Sacramento St.,4,WCC,Big West
Missouri St.,1,Bradley,0,MVC,MVC
UIC,2,Marquette,0,MVC,Big East
Gonzaga,2,Western Ill.,3,WCC,OVC
UC San Diego,3,Air Force,0,Big West,WAC
UNLV,1,CSUN,0,WAC,Big West
Grand Canyon,1,Cal St. Fullerton,1,WAC,Big West
Santa Clara,2,San Jose St.,1,WCC,WAC
NIU,1,Mercyhurst,0,MVC,NEC
California,5,Dominican (CA),0,ACC,Not D1
Holy Cross,2,Clemson,2,Patriot,ACC
VCU,2,Penn,0,Atlantic 10,Ivy League
Fordham,2,Manhattan,2,Atlantic 10,MAAC
Michigan,1,Washington,1,Big Ten,Big Ten
SMU,2,UIW,0,ACC,OVC
Utah Valley,3,Lindenwood,1,WAC,OVC
Wisconsin,4,UCLA,1,Big Ten,Big Ten
Utah Tech,1,Cal Poly,1,WAC,Big West
California Baptist,0,San Diego,2,WAC,WCC
Green Bay,2,Wis.-Parkside,1,Horizon,Not D1
Iona,4,George Washington,1,MAAC,Atlantic 10
Southern Ind.,0,Purdue Fort Wayne,1,OVC,Horizon
LIU,1,Monmouth,1,NEC,CAA
Saint Peter's,1,Binghamton,3,MAAC,America East
Robert Morris,3,Duquesne,0,Horizon,Atlantic 10
Oakland,2,Loyola Chicago,1,Horizon,Atlantic 10
Boston College,3,Siena,1,ACC,MAAC
Saint Joseph's,0,Bryant,1,Atlantic 10,America East
Col. of Charleston,2,Furman,4,CAA,SoCon
La Salle,1,Rider,3,Atlantic 10,MAAC
NC State,4,UNCW,1,ACC,CAA
Northeastern,0,Harvard,0,CAA,Ivy League
Yale,1,Rutgers,1,Ivy League,Big Ten
Penn St.,0,Ohio St.,5,Big Ten,Big Ten
Davidson,2,Mercer,1,Atlantic 10,SoCon
FDU,0,Drexel,2,NEC,CAA
Princeton,3,Colgate,1,Ivy League,Patriot
Cleveland St.,0,Pittsburgh,4,Horizon,ACC
Wright St.,2,Eastern Ill.,2,Horizon,OVC
Lafayette,2,UAlbany,1,Patriot,America East
Cornell,3,Bucknell,0,Ivy League,Patriot
Syracuse,5,Canisius,1,ACC,MAAC
Brown,5,Boston U.,1,Ivy League,Patriot
Dartmouth,0,Massachusetts,5,Ivy League,Atlantic 10
Charlotte,1,Campbell,0,The American,CAA
Radford,1,Queens (NC),2,Big South,ASUN
North Florida,3,USC Upstate,2,ASUN,Big South
Wofford,0,Georgia St.,2,SoCon,Sun Belt
Northern Ky.,1,Bowling Green,1,Horizon,MVC
West Virginia,2,UNC Greensboro,2,Sun Belt,SoCon
Mount St. Mary's,1,James Madison,2,MAAC,Sun Belt
American,4,UMBC,3,Patriot,America East
Hofstra,1,New Hampshire,0,CAA,America East
Wake Forest,1,Elon,1,ACC,CAA
Indiana,1,Evansville,1,Big Ten,MVC
Omaha,1,Drake,1,Summit League,MVC
Saint Louis,2,Lipscomb,2,Atlantic 10,ASUN
St. Bonaventure,1,Le Moyne,1,Atlantic 10,NEC
Dayton,1,Western Mich.,1,Atlantic 10,MVC
NJIT,4,Central Conn. St.,0,America East,NEC
Columbia,1,Fairfield,3,Ivy League,MAAC
Houston Christian,1,UTRGV,0,OVC,WAC
SIUE,2,Bradley,0,OVC,MVC
Cal St. Fullerton,1,Gonzaga,1,Big West,WCC
Stanford,1,UC Davis,0,ACC,Big West
Utah Valley,1,UC Santa Barbara,4,WAC,Big West
Denver,0,Portland,0,Summit League,WCC
San Diego,1,Grand Canyon,0,WCC,WAC
Oregon St.,2,Seattle U,2,WCC,WAC
UNLV,2,Kansas City,3,WAC,Summit League
Santa Clara,1,Sacramento St.,2,WCC,Big West
DePaul,2,UConn,3,Big East,Big East
Villanova,2,Marquette,3,Big East,Big East
Western Ill.,4,NIU,0,OVC,MVC
South Fla.,1,FIU,0,The American,The American
VCU,2,Rhode Island,0,Atlantic 10,Atlantic 10
Akron,4,Butler,3,Big East,Big East
Pittsburgh,2,Boston College,0,ACC,ACC
South Carolina,1,Marshall,2,Sun Belt,Sun Belt
Providence,1,Seton Hall,0,Big East,Big East
North Carolina,2,NC State,0,ACC,ACC
High Point,2,UNC Asheville,1,Big South,Big South
Creighton,0,Georgetown,1,Big East,Big East
Notre Dame,6,Chicago St.,1,ACC,NEC
Louisville,1,Syracuse,1,ACC,ACC
Xavier,1,St. John's (NY),0,Big East,Big East
Indiana,0,Maryland,1,Big Ten,Big Ten
Penn St.,2,Michigan St.,1,Big Ten,Big Ten
Kentucky,0,Ga. Southern,0,Sun Belt,Sun Belt
Clemson,1,Wake Forest,0,ACC,ACC
SMU,2,Virginia Tech,0,ACC,ACC
Tulsa,1,Memphis,2,AAC,The American
Air Force,0,UC Riverside,2,WAC,Big West
San Jose St.,0,Saint Mary's (CA),0,WAC,WCC
LMU (CA),1,California Baptist,0,WCC,WAC
Washington,2,Northwestern,0,Big Ten,Big Ten
Elon,2,Stony Brook,1,CAA,CAA
Massachusetts,1,George Mason,2,Atlantic 10,Atlantic 10
Northeastern,0,William & Mary,2,CAA,CAA
Binghamton,2,Central Conn. St.,1,America East,NEC
Northern Ky.,1,Oakland,1,Horizon,Horizon
George Washington,0,Duquesne,1,Atlantic 10,Atlantic 10
Saint Joseph's,0,Davidson,2,Atlantic 10,Atlantic 10
Purdue Fort Wayne,2,Green Bay,0,Horizon,Horizon
Col. of Charleston,1,Delaware,0,CAA,CAA
Lafayette,1,Navy,2,Patriot,Patriot
Rider,2,Mercyhurst,0,MAAC,NEC
Saint Peter's,0,VMI,0,MAAC,SoCon
Howard,2,UC San Diego,2,NEC,Big West
Milwaukee,3,Wright St.,3,Horizon,Horizon
UNCW,2,Drexel,1,CAA,CAA
IU Indy,2,Robert Morris,3,Horizon,Horizon
Loyola Maryland,2,Boston U.,2,Patriot,Patriot
Le Moyne,1,Niagara,1,NEC,MAAC
Loyola Chicago,2,Dayton,2,Atlantic 10,Atlantic 10
Colgate,1,American,1,Patriot,Patriot
Bucknell,0,Holy Cross,0,Patriot,Patriot
Siena,3,NJIT,0,MAAC,America East
Queens (NC),0,Lipscomb,0,ASUN,ASUN
Yale,4,Sacred Heart,1,Ivy League,MAAC
Dartmouth,2,Bryant,1,Ivy League,America East
Penn,1,Manhattan,0,Ivy League,MAAC
FGCU,1,Jacksonville,0,ASUN,ASUN
UCLA,3,Michigan,3,Big Ten,Big Ten
Vermont,5,Harvard,0,America East,Ivy League
Columbia,0,FDU,1,Ivy League,NEC
Cleveland St.,2,Detroit Mercy,2,Horizon,Horizon
Marist,3,LIU,2,MAAC,NEC
La Salle,0,Saint Louis,0,Atlantic 10,Atlantic 10
Gardner-Webb,2,Radford,1,Big South,Big South
Temple,0,Charlotte,1,The American,The American
Brown,5,Stonehill,3,Ivy League,NEC
Cornell,1,UMBC,0,Ivy League,America East
USC Upstate,0,Winthrop,2,Big South,Big South
Bellarmine,0,Central Ark.,1,ASUN,ASUN
Old Dominion,0,West Virginia,1,Sun Belt,Sun Belt
Stetson,2,North Florida,1,ASUN,ASUN
Georgia St.,0,Coastal Carolina,1,Sun Belt,Sun Belt
Army West Point,2,Lehigh,3,Patriot,Patriot
Monmouth,2,Hofstra,1,CAA,CAA
California,1,Virginia,1,ACC,ACC
James Madison,2,UCF,0,Sun Belt,Sun Belt
Gonzaga,1,CSU Bakersfield,1,WCC,Big West
Oral Roberts,6,UTRGV,0,Summit League,WAC
Bradley,1,Bowling Green,2,MVC,MVC
UIC,1,Missouri St.,3,MVC,MVC
UAB,3,Fla. Atlantic,2,AAC,The American
UC Irvine,4,Utah Tech,2,Big West,WAC
San Diego St.,3,UC Davis,3,WAC,Big West
St. Bonaventure,0,Fordham,0,Atlantic 10,Atlantic 10
Presbyterian,1,Longwood,3,Big South,Big South
SIUE,0,Omaha,1,OVC,Summit League
St. Thomas (MN),1,Lindenwood,2,Summit League,OVC
Drake,4,Belmont,0,MVC,MVC
Western Mich.,2,Evansville,1,MVC,MVC
Ohio St.,3,Rutgers,0,Big Ten,Big Ten
CSUN,2,Santa Clara,1,Big West,WCC
Sacramento St.,1,Pacific,1,Big West,WCC
San Diego,0,Cal St. Fullerton,2,WCC,Big West
Denver,2,Seattle U,1,Summit League,WAC
Stanford,2,Duke,2,ACC,ACC
UC Santa Barbara,3,Portland,0,Big West,WCC
Grand Canyon,0,LMU (CA),1,WAC,WCC
San Francisco,4,San Jose St.,0,WCC,WAC
St. Bonaventure,2,Robert Morris,1,Atlantic 10,Horizon
Georgetown,2,Princeton,0,Big East,Ivy League
Villanova,2,Penn,2,Big East,Ivy League
Quinnipiac,1,Yale,2,MAAC,Ivy League
UNC Asheville,1,ETSU,1,Big South,SoCon
Bryant,1,Holy Cross,0,America East,Patriot
UMass Lowell,0,Northeastern,0,America East,CAA
Boston U.,1,Boston College,1,Patriot,ACC
UConn,0,Fairfield,0,Big East,MAAC
Navy,1,UC San Diego,1,Patriot,Big West
Duquesne,2,Mount St. Mary's,1,Atlantic 10,MAAC
Saint Joseph's,2,Temple,0,Atlantic 10,The American
Campbell,0,UNCW,0,CAA,CAA
Seton Hall,2,Lehigh,0,Big East,Patriot
Syracuse,0,Cornell,1,ACC,Ivy League
Notre Dame,3,Detroit Mercy,1,ACC,Horizon
La Salle,3,Lafayette,1,Atlantic 10,Patriot
Louisville,1,UAB,2,ACC,AAC
Xavier,2,Evansville,0,Big East,MVC
Jacksonville,0,Fla. Atlantic,0,ASUN,The American
Butler,2,Wright St.,3,Big East,Horizon
Merrimack,1,Dartmouth,2,MAAC,Ivy League
Stetson,2,Eckerd,3,ASUN,Not D1
Howard,1,George Washington,1,NEC,Atlantic 10
St. John's (NY),1,Penn St.,2,Big East,Big Ten
Akron,8,Saint Francis,0,Big East,NEC
South Carolina,3,Queens (NC),0,Sun Belt,ASUN
North Carolina,0,Mercer,0,ACC,SoCon
George Mason,1,William & Mary,0,Atlantic 10,CAA
IU Indy,1,Western Ill.,2,Horizon,OVC
Ga. Southern,2,Col. of Charleston,1,Sun Belt,CAA
Bowling Green,5,Eastern Ill.,0,MVC,OVC
Providence,2,Brown,1,Big East,Ivy League
Clemson,1,Liberty,0,ACC,OVC
James Madison,5,Radford,0,Sun Belt,Big South
Loyola Maryland,0,Hofstra,3,Patriot,CAA
Rhode Island,2,UAlbany,1,Atlantic 10,America East
Kansas City,4,Tulsa,0,Summit League,AAC
Loyola Chicago,1,DePaul,3,Atlantic 10,Big East
NIU,0,Milwaukee,2,MVC,Horizon
UCLA,5,Westmont,1,Big Ten,Not D1
Marshall,1,VCU,0,Sun Belt,Atlantic 10
SMU,1,FIU,1,ACC,The American
Southern Ind.,1,Rose-Hulman,0,OVC,Not D1
Utah Valley,0,Oregon St.,1,WAC,WCC
California Baptist,0,UC Riverside,0,WAC,Big West
Pacific,1,CSU Bakersfield,2,WCC,Big West
UNLV,2,Cal St. Fullerton,4,WAC,Big West
Stony Brook,0,Northeastern,0,CAA,CAA
NC State,1,Duke,2,ACC,ACC
Longwood,8,USC Upstate,2,Big South,Big South
Syracuse,1,Wake Forest,2,ACC,ACC
Notre Dame,2,Clemson,1,ACC,ACC
West Virginia,0,Kentucky,0,Sun Belt,Sun Belt
Charlotte,4,South Fla.,1,The American,The American
Bowling Green,1,Belmont,0,MVC,MVC
Virginia,0,Stanford,1,ACC,ACC
Northwestern,1,Maryland,2,Big Ten,Big Ten
Portland,1,Sacramento St.,1,WCC,Big West
Ohio St.,2,Indiana,2,Big Ten,Big Ten
San Jose St.,2,UC Davis,2,WAC,Big West
Seattle U,4,CSUN,3,WAC,Big West
UCLA,0,Michigan St.,1,Big Ten,Big Ten
Washington,0,Wisconsin,0,Big Ten,Big Ten
Delaware,3,Campbell,1,CAA,CAA
Iona,1,Rider,0,MAAC,MAAC
Western Mich.,1,Missouri St.,1,MVC,MVC
Sacred Heart,3,Niagara,1,MAAC,MAAC
Robert Morris,1,Milwaukee,0,Horizon,Horizon
Georgetown,0,Akron,1,Big East,Big East
Mount St. Mary's,2,Merrimack,1,MAAC,MAAC
Davidson,1,La Salle,3,Atlantic 10,Atlantic 10
Vermont,1,New Hampshire,1,America East,America East
Manhattan,3,Canisius,0,MAAC,MAAC
Col. of Charleston,0,Monmouth,0,CAA,CAA
Green Bay,3,Cleveland St.,2,Horizon,Horizon
St. Thomas (MN),0,Kansas City,3,Summit League,Summit League
Hofstra,2,Elon,1,CAA,CAA
Army West Point,1,Lafayette,2,Patriot,Patriot
Oakland,0,IU Indy,0,Horizon,Horizon
Navy,2,Colgate,2,Patriot,Patriot
Dartmouth,2,Brown,1,Ivy League,Ivy League
Princeton,2,Harvard,0,Ivy League,Ivy League
Rutgers,1,Michigan,1,Big Ten,Big Ten
Siena,2,Saint Peter's,0,MAAC,MAAC
Yale,1,Cornell,0,Ivy League,Ivy League
Duquesne,2,Saint Joseph's,1,Atlantic 10,Atlantic 10
Cal Poly,2,UC Santa Barbara,0,Big West,Big West
Queens (NC),1,Central Ark.,0,ASUN,ASUN
UMass Lowell,2,UAlbany,0,America East,America East
Lehigh,3,Boston U.,1,Patriot,Patriot
Binghamton,0,UMBC,2,America East,America East
NJIT,0,Bryant,3,America East,America East
Detroit Mercy,1,Northern Ky.,1,Horizon,Horizon
Fordham,2,Massachusetts,3,Atlantic 10,Atlantic 10
Wright St.,4,Purdue Fort Wayne,0,Horizon,Horizon
Fairfield,2,Marist,1,MAAC,MAAC
North Florida,4,Jacksonville,3,ASUN,ASUN
UConn,0,Seton Hall,0,Big East,Big East
St. John's (NY),2,Villanova,1,Big East,Big East
Stetson,2,FGCU,0,ASUN,ASUN
Liberty,7,Western Ill.,1,OVC,OVC
Mercer,3,Air Force,0,SoCon,WAC
William & Mary,4,UNCW,0,CAA,CAA
Penn,1,Columbia,0,Ivy League,Ivy League
Providence,2,Creighton,2,Big East,Big East
American,0,Bucknell,1,Patriot,Patriot
George Mason,5,George Washington,2,Atlantic 10,Atlantic 10
Coastal Carolina,1,South Carolina,2,Sun Belt,Sun Belt
High Point,3,Radford,1,Big South,Big South
Virginia Tech,0,Pittsburgh,2,ACC,ACC
North Carolina,2,California,1,ACC,ACC
Rhode Island,4,St. Bonaventure,3,Atlantic 10,Atlantic 10
DePaul,0,Xavier,0,Big East,Big East
Houston Christian,2,UIW,1,OVC,OVC
NIU,2,UIC,4,MVC,MVC
SIUE,2,Lindenwood,0,OVC,OVC
Memphis,2,UAB,0,The American,AAC
Marquette,2,Butler,0,Big East,Big East
Bradley,0,Evansville,2,MVC,MVC
Oral Roberts,1,Omaha,0,Summit League,Summit League
Saint Louis,2,Loyola Chicago,1,Atlantic 10,Atlantic 10
UC Irvine,2,San Diego St.,0,Big West,WAC
LMU (CA),1,Gonzaga,0,WCC,WCC
Santa Clara,0,Oregon St.,2,WCC,WCC
San Diego,4,Saint Mary's (CA),2,WCC,WCC
Le Moyne,2,FDU,2,NEC,NEC
Saint Francis,2,Stonehill,0,NEC,NEC
Fla. Atlantic,1,Temple,1,The American,The American
Holy Cross,1,Loyola Maryland,2,Patriot,Patriot
Chicago St.,0,LIU,0,NEC,NEC
Howard,4,Central Conn. St.,1,NEC,NEC
Boston College,1,Louisville,1,ACC,ACC
San Francisco,2,Pacific,0,WCC,WCC
Marshall,2,Old Dominion,1,Sun Belt,Sun Belt
Southern Ind.,2,Eastern Ill.,1,OVC,OVC
Lipscomb,2,Bellarmine,0,ASUN,ASUN
UCF,2,Georgia St.,1,Sun Belt,Sun Belt
FIU,3,Tulsa,1,The American,AAC
SMU,3,UTRGV,2,ACC,WAC
Virginia,1,UNC Greensboro,2,ACC,SoCon
Quinnipiac,9,Farmingdale St.,0,MAAC,Not D1
Robert Morris,5,Canisius,1,Horizon,MAAC
Notre Dame,7,Trine,1,ACC,Not D1
Western Mich.,7,Olivet,0,MVC,Not D1
Virginia Tech,4,Queens (NC),0,ACC,ASUN
Army West Point,2,Rider,0,Patriot,MAAC
Vermont,2,Massachusetts,2,America East,Atlantic 10
Lehigh,2,Marist,1,Patriot,MAAC
New Hampshire,1,Northeastern,1,America East,CAA
Bucknell,0,West Virginia,1,Patriot,Sun Belt
Maryland,1,Penn St.,1,Big Ten,Big Ten
Stony Brook,6,St. Joseph's (L.I.),0,CAA,Not D1
Elon,0,High Point,1,CAA,Big South
Milwaukee,2,Drake,1,Horizon,MVC
Wake Forest,2,ETSU,0,ACC,SoCon
Harvard,3,Merrimack,1,Ivy League,MAAC
NJIT,2,Delaware,2,America East,CAA
UAlbany,1,Syracuse,3,America East,ACC
Longwood,1,Campbell,3,Big South,CAA
Cornell,5,Binghamton,2,Ivy League,America East
Jacksonville,2,Ga. Southern,1,ASUN,Sun Belt
VCU,1,American,1,Atlantic 10,Patriot
Creighton,0,Missouri St.,1,Big East,MVC
UMBC,0,Drexel,5,America East,CAA
Rhode Island,0,Bryant,0,Atlantic 10,America East
Princeton,1,Monmouth,0,Ivy League,CAA
Belmont,0,Memphis,1,MVC,The American
Wisconsin,2,Indiana,3,Big Ten,Big Ten
Saint Louis,0,Charlotte,0,Atlantic 10,The American
Michigan St.,1,Northwestern,0,Big Ten,Big Ten
CSU Bakersfield,3,Sacramento St.,0,Big West,Big West
UC Davis,0,Cal Poly,1,Big West,Big West
Pittsburgh,8,Howard,1,ACC,NEC
FGCU,6,Keiser,1,ASUN,Not D1
Radford,1,VMI,1,Big South,SoCon
Yale,6,Albertus Magnus,0,Ivy League,Not D1
Denver,3,Oral Roberts,2,Summit League,Summit League
Omaha,2,St. Thomas (MN),1,Summit League,Summit League
UC Irvine,0,Cal St. Fullerton,2,Big West,Big West
UC Santa Barbara,3,UC San Diego,1,Big West,Big West
CSUN,1,UC Riverside,1,Big West,Big West
Central Conn. St.,1,Mercyhurst,2,NEC,NEC
Southern Ind.,0,Lindenwood,2,OVC,OVC
California,3,Louisville,3,ACC,ACC
Utah Valley,1,Seattle U,2,WAC,WAC
SIUE,3,Eastern Ill.,0,OVC,OVC
Air Force,0,San Jose St.,3,WAC,WAC
Chicago St.,0,Le Moyne,4,NEC,NEC
Houston Christian,3,Western Ill.,0,OVC,OVC
UIW,0,Liberty,2,OVC,OVC
Utah Tech,1,California Baptist,2,WAC,WAC
UNLV,0,San Diego St.,1,WAC,WAC
Georgetown,3,Providence,0,Big East,Big East
Villanova,0,UConn,3,Big East,Big East
VMI,2,Regent,0,SoCon,Not D1
IU Indy,1,Detroit Mercy,0,Horizon,Horizon
Akron,1,Xavier,0,Big East,Big East
Coastal Carolina,0,Ga. Southern,5,Sun Belt,Sun Belt
Clemson,3,North Carolina,2,ACC,ACC
Seton Hall,1,Marquette,0,Big East,Big East
Butler,1,St. John's (NY),2,Big East,Big East
Duke,2,SMU,2,ACC,ACC
Virginia,2,Virginia Tech,1,ACC,ACC
Creighton,0,DePaul,2,Big East,Big East
Michigan,3,Ohio St.,6,Big Ten,Big Ten
Indiana,2,Washington,2,Big Ten,Big Ten
Marshall,2,James Madison,2,Sun Belt,Sun Belt
Winthrop,2,Longwood,1,Big South,Big South
South Carolina,0,Kentucky,2,Sun Belt,Sun Belt
Penn St.,2,UCLA,2,Big Ten,Big Ten
Wisconsin,1,Rutgers,3,Big Ten,Big Ten
Tulsa,2,Fla. Atlantic,1,AAC,The American
Gonzaga,1,San Diego,2,WCC,WCC
Stanford,0,NC State,0,ACC,ACC
Portland,0,Santa Clara,0,WCC,WCC
Oregon St.,4,Pacific,1,WCC,WCC
Bryant,1,New Hampshire,2,America East,America East
Manhattan,1,Mount St. Mary's,2,MAAC,MAAC
Army West Point,1,American,2,Patriot,Patriot
Campbell,6,Stony Brook,0,CAA,CAA
Harvard,0,Penn,1,Ivy League,Ivy League
Massachusetts,4,Saint Joseph's,0,Atlantic 10,Atlantic 10
Wofford,3,Gardner-Webb,2,SoCon,Big South
Purdue Fort Wayne,2,Robert Morris,1,Horizon,Horizon
Drexel,5,Hofstra,4,CAA,CAA
Navy,3,Loyola Maryland,2,Patriot,Patriot
Canisius,1,Saint Peter's,1,MAAC,MAAC
Wright St.,1,Green Bay,2,Horizon,Horizon
Drake,1,Western Mich.,1,MVC,MVC
Milwaukee,4,Oakland,1,Horizon,Horizon
Niagara,3,Siena,3,MAAC,MAAC
Iona,1,Fairfield,1,MAAC,MAAC
Radford,2,Presbyterian,3,Big South,Big South
Denver,5,St. Thomas (MN),0,Summit League,Summit League
Loyola Chicago,0,Rhode Island,1,Atlantic 10,Atlantic 10
Boston U.,1,Lafayette,1,Patriot,Patriot
Merrimack,1,Rider,2,MAAC,MAAC
Cornell,3,Dartmouth,0,Ivy League,Ivy League
Saint Mary's (CA),1,LMU (CA),1,WCC,WCC
Omaha,1,Kansas City,1,Summit League,Summit League
Colgate,1,Holy Cross,0,Patriot,Patriot
UC Davis,0,UC Irvine,1,Big West,Big West
St. Bonaventure,3,Davidson,1,Atlantic 10,Atlantic 10
Brown,1,Princeton,2,Ivy League,Ivy League
UAlbany,1,Vermont,4,America East,America East
FGCU,2,North Florida,2,ASUN,ASUN
Dayton,7,George Washington,1,Atlantic 10,Atlantic 10
Elon,2,William & Mary,1,CAA,CAA
Bucknell,2,Lehigh,2,Patriot,Patriot
Bellarmine,0,Queens (NC),0,ASUN,ASUN
Columbia,1,Yale,0,Ivy League,Ivy League
USC Upstate,1,High Point,4,Big South,Big South
VCU,0,Fordham,1,Atlantic 10,Atlantic 10
Sacred Heart,1,Quinnipiac,3,MAAC,MAAC
Syracuse,2,Notre Dame,1,ACC,ACC
Jacksonville,0,Stetson,0,ASUN,ASUN
NJIT,2,Binghamton,1,America East,America East
Belmont,0,Bradley,1,MVC,MVC
Old Dominion,0,Georgia St.,0,Sun Belt,Sun Belt
Wake Forest,2,Boston College,0,ACC,ACC
La Salle,1,George Mason,2,Atlantic 10,Atlantic 10
Mercer,1,UNC Greensboro,1,SoCon,SoCon
FIU,3,UAB,2,The American,AAC
South Fla.,2,Temple,0,The American,The American
Sacramento St.,2,UC Riverside,1,Big West,Big West
Monmouth,2,Delaware,0,CAA,CAA
UNCW,2,Col. of Charleston,1,CAA,CAA
UMBC,1,UMass Lowell,1,America East,America East
West Virginia,2,UCF,1,Sun Belt,Sun Belt
Northern Ky.,2,Cleveland St.,1,Horizon,Horizon
Maryland,2,Michigan St.,1,Big Ten,Big Ten
Memphis,1,Charlotte,0,The American,The American
UIC,2,Bowling Green,1,MVC,MVC
Saint Louis,3,Duquesne,0,Atlantic 10,Atlantic 10
SIUE,2,Southern Ind.,0,OVC,OVC
Central Ark.,2,Lipscomb,1,ASUN,ASUN
Utah Valley,2,San Jose St.,3,WAC,WAC
Cal St. Fullerton,2,CSU Bakersfield,2,Big West,Big West
UC San Diego,1,CSUN,0,Big West,Big West
FDU,3,Central Conn. St.,0,NEC,NEC
Stonehill,3,Howard,3,NEC,NEC
Mercyhurst,4,Chicago St.,0,NEC,NEC
ETSU,2,VMI,0,SoCon,SoCon
UIW,2,Western Ill.,1,OVC,OVC
Air Force,0,Seattle U,2,WAC,WAC
UTRGV,0,Grand Canyon,2,WAC,WAC
LIU,1,Saint Francis,1,NEC,NEC
Utah Tech,0,San Diego St.,1,WAC,WAC
Lindenwood,6,Eastern Ill.,0,OVC,OVC
Northwestern,4,Trine,0,Big Ten,Not D1
UC Santa Barbara,0,Cal Poly,0,Big West,Big West
Missouri St.,7,NIU,0,MVC,MVC
Houston Christian,0,Liberty,1,OVC,OVC
UNLV,2,California Baptist,2,WAC,WAC
Penn St.,2,Rutgers,1,Big Ten,Big Ten
Pittsburgh,2,Denver,0,ACC,Summit League
Ohio St.,2,Washington,0,Big Ten,Big Ten
DePaul,3,Oakland,1,Big East,Horizon
Villanova,3,Columbia,2,Big East,Ivy League
Vermont,1,UConn,0,America East,Big East
Binghamton,1,Bucknell,1,America East,Patriot
Stony Brook,2,Seton Hall,1,CAA,Big East
Notre Dame,0,Michigan,1,ACC,Big Ten
Holy Cross,1,Brown,2,Patriot,Ivy League
Cleveland St.,3,Xavier,1,Horizon,Big East
Boston U.,1,Harvard,1,Patriot,Ivy League
Louisville,4,Lipscomb,2,ACC,ASUN
Dartmouth,0,New Hampshire,0,Ivy League,America East
St. John's (NY),0,Loyola Maryland,1,Big East,Patriot
UNC Greensboro,3,Radford,0,SoCon,Big South
Coastal Carolina,1,Campbell,0,Sun Belt,CAA
Elon,1,Duke,2,CAA,ACC
Virginia,1,James Madison,0,ACC,Sun Belt
Akron,6,Wright St.,1,Big East,Horizon
North Carolina,3,Col. of Charleston,0,ACC,CAA
UMBC,0,Georgetown,0,America East,Big East
Penn,3,Hofstra,1,Ivy League,CAA
Providence,1,Syracuse,2,Big East,ACC
Bowling Green,5,Detroit Mercy,2,MVC,Horizon
Wake Forest,0,Wofford,0,ACC,SoCon
IU Indy,0,Butler,0,Horizon,Big East
Winthrop,0,Gardner-Webb,1,Big South,Big South
USC Upstate,1,Furman,3,Big South,SoCon
Indiana,3,Kentucky,2,Big Ten,Sun Belt
Belmont,1,Covenant,0,MVC,Not D1
Marquette,1,Milwaukee,1,Big East,Horizon
Tulsa,1,Central Ark.,1,AAC,ASUN
George Washington,0,St. Bonaventure,0,Atlantic 10,Atlantic 10
Massachusetts,1,Dayton,1,Atlantic 10,Atlantic 10
St. Thomas (MN),1,Green Bay,3,Summit League,Horizon
Saint Mary's (CA),0,Oregon St.,2,WCC,WCC
Duquesne,3,Rhode Island,0,Atlantic 10,Atlantic 10
Saint Joseph's,0,La Salle,3,Atlantic 10,Atlantic 10
Fordham,2,Saint Louis,2,Atlantic 10,Atlantic 10
Davidson,2,VCU,1,Atlantic 10,Atlantic 10
George Mason,2,Loyola Chicago,1,Atlantic 10,Atlantic 10
Omaha,1,Creighton,2,Summit League,Big East
Gonzaga,2,San Francisco,3,WCC,WCC
Cal St. Fullerton,4,UC San Diego,1,Big West,Big West
CSU Bakersfield,1,UC Santa Barbara,1,Big West,Big West
Cal Poly,3,Sacramento St.,1,Big West,Big West
CSUN,2,UC Davis,2,Big West,Big West
Pacific,2,Portland,2,WCC,WCC
UC Riverside,1,UC Irvine,0,Big West,Big West
Eastern Ill.,1,UIW,4,OVC,OVC
Mercyhurst,3,Saint Francis,0,NEC,NEC
Western Ill.,1,Liberty,0,OVC,OVC
UTRGV,1,Utah Valley,1,WAC,WAC
Southern Ind.,0,Houston Christian,2,OVC,OVC
Lindenwood,0,SIUE,2,OVC,OVC
Grand Canyon,1,Air Force,2,WAC,WAC
Seattle U,1,UNLV,1,WAC,WAC
San Jose St.,0,Utah Tech,0,WAC,WAC
Marist,4,Canisius,1,MAAC,MAAC
SMU,2,Stanford,2,ACC,ACC
Lehigh,3,American,1,Patriot,Patriot
Virginia Tech,0,NC State,0,ACC,ACC
Navy,1,Army West Point,2,Patriot,Patriot
Notre Dame,1,North Carolina,1,ACC,ACC
Delaware,3,UNCW,1,CAA,CAA
Pittsburgh,0,California,1,ACC,ACC
Fla. Atlantic,3,South Fla.,1,The American,The American
Kentucky,1,Old Dominion,0,Sun Belt,Sun Belt
Georgia St.,0,South Carolina,2,Sun Belt,Sun Belt
Boston College,0,Virginia,1,ACC,ACC
Ga. Southern,2,West Virginia,4,Sun Belt,Sun Belt
High Point,5,Longwood,0,Big South,Big South
Central Ark.,1,Jacksonville,2,ASUN,ASUN
Michigan St.,2,Wisconsin,0,Big Ten,Big Ten
Indiana,2,Penn St.,0,Big Ten,Big Ten
Rutgers,1,Northwestern,2,Big Ten,Big Ten
Louisville,2,Clemson,3,ACC,ACC
UCLA,2,Ohio St.,1,Big Ten,Big Ten
Washington,2,Maryland,3,Big Ten,Big Ten
Robert Morris,3,Wright St.,1,Horizon,Horizon
Loyola Maryland,2,Colgate,1,Patriot,Patriot
UMass Lowell,1,Bryant,2,America East,America East
George Washington,2,Saint Joseph's,0,Atlantic 10,Atlantic 10
Stonehill,0,Le Moyne,2,NEC,NEC
Col. of Charleston,1,Northeastern,1,CAA,CAA
Boston U.,1,Bucknell,0,Patriot,Patriot
VMI,0,Mercer,3,SoCon,SoCon
Stony Brook,1,Drexel,2,CAA,CAA
Temple,0,Memphis,0,The American,The American
Seton Hall,2,Butler,1,Big East,Big East
Oakland,1,Purdue Fort Wayne,0,Horizon,Horizon
Detroit Mercy,2,Milwaukee,1,Horizon,Horizon
Niagara,1,Iona,5,MAAC,MAAC
Saint Peter's,1,Manhattan,1,MAAC,MAAC
Hofstra,1,Campbell,0,CAA,CAA
St. Thomas (MN),0,Oral Roberts,2,Summit League,Summit League
Green Bay,0,Northern Ky.,0,Horizon,Horizon
Marquette,0,Providence,1,Big East,Big East
USC Upstate,3,Radford,2,Big South,Big South
UC Davis,2,Cal St. Fullerton,1,Big West,Big West
NIU,1,Western Mich.,2,MVC,MVC
Mount St. Mary's,2,Sacred Heart,2,MAAC,MAAC
Merrimack,0,Siena,3,MAAC,MAAC
Dartmouth,2,Columbia,2,Ivy League,Ivy League
La Salle,0,St. Bonaventure,1,Atlantic 10,Atlantic 10
Rider,2,Quinnipiac,0,MAAC,MAAC
Princeton,0,Cornell,1,Ivy League,Ivy League
Penn,2,Brown,0,Ivy League,Ivy League
Lafayette,2,Holy Cross,0,Patriot,Patriot
Yale,0,Harvard,1,Ivy League,Ivy League
New Hampshire,1,Binghamton,2,America East,America East
William & Mary,0,Monmouth,1,CAA,CAA
Queens (NC),1,Stetson,2,ASUN,ASUN
Davidson,4,Massachusetts,2,Atlantic 10,Atlantic 10
Cleveland St.,2,IU Indy,1,Horizon,Horizon
Xavier,0,Creighton,1,Big East,Big East
Duke,0,Wake Forest,0,ACC,ACC
St. John's (NY),4,DePaul,1,Big East,Big East
UConn,0,Georgetown,1,Big East,Big East
UNC Greensboro,1,Furman,0,SoCon,SoCon
Dayton,2,Fordham,4,Atlantic 10,Atlantic 10
VCU,1,Loyola Chicago,2,Atlantic 10,Atlantic 10
Wofford,0,ETSU,2,SoCon,SoCon
Akron,3,Villanova,2,Big East,Big East
Charlotte,0,FIU,0,The American,The American
UMBC,2,UAlbany,3,America East,America East
James Madison,0,Coastal Carolina,0,Sun Belt,Sun Belt
Bowling Green,0,Drake,0,MVC,MVC
George Mason,1,Duquesne,2,Atlantic 10,Atlantic 10
Belmont,1,Missouri St.,2,MVC,MVC
LMU (CA),1,Pacific,0,WCC,WCC
Rhode Island,0,Saint Louis,1,Atlantic 10,Atlantic 10
Gardner-Webb,2,Presbyterian,2,Big South,Big South
Winthrop,2,UNC Asheville,0,Big South,Big South
Evansville,3,UIC,1,MVC,MVC
UAB,1,Tulsa,1,AAC,AAC
Lipscomb,1,North Florida,2,ASUN,ASUN
Kansas City,1,Denver,0,Summit League,Summit League
UC Irvine,0,UC Santa Barbara,1,Big West,Big West
CSU Bakersfield,2,CSUN,1,Big West,Big West
Cal Poly,0,UC Riverside,0,Big West,Big West
Santa Clara,0,Saint Mary's (CA),0,WCC,WCC
UC San Diego,2,Sacramento St.,0,Big West,Big West
California Baptist,1,San Diego St.,2,WAC,WAC
Southern Ind.,0,UIW,0,OVC,OVC
LIU,2,FDU,1,NEC,NEC
UTRGV,5,Air Force,1,WAC,WAC
SIUE,3,Liberty,1,OVC,OVC
Vermont,2,NJIT,0,America East,America East
Central Conn. St.,2,Chicago St.,4,NEC,NEC
Saint Francis,3,Howard,0,NEC,NEC
Eastern Ill.,0,Houston Christian,3,OVC,OVC
Seattle U,1,Utah Tech,0,WAC,WAC
San Francisco,1,Portland,1,WCC,WCC
Lindenwood,1,Western Ill.,0,OVC,OVC
San Jose St.,0,UNLV,0,WAC,WAC
UCF,0,Marshall,2,Sun Belt,Sun Belt
Grand Canyon,1,Utah Valley,0,WAC,WAC
Boston College,5,Suffolk,1,ACC,Not D1
Pittsburgh,0,High Point,1,ACC,Big South
La Salle,6,Neumann,0,Atlantic 10,Not D1
Western Mich.,2,Green Bay,0,MVC,Horizon
Bellarmine,1,IU Indy,0,ASUN,Horizon
Le Moyne,1,Lafayette,2,NEC,Patriot
Massachusetts,1,Holy Cross,0,Atlantic 10,Patriot
Colgate,1,Cornell,4,Patriot,Ivy League
NC State,1,Hofstra,1,ACC,CAA
Temple,2,Mercyhurst,0,The American,NEC
Lehigh,0,Fairfield,0,Patriot,MAAC
Northeastern,4,Dartmouth,2,CAA,Ivy League
New Hampshire,1,Yale,0,America East,Ivy League
ETSU,3,Gardner-Webb,1,SoCon,Big South
UNCW,1,Wake Forest,4,CAA,ACC
St. Bonaventure,4,Bucknell,1,Atlantic 10,Patriot
William & Mary,2,North Carolina,5,CAA,ACC
FGCU,0,Fla. Atlantic,3,ASUN,The American
Maryland,2,George Mason,0,Big Ten,Atlantic 10
Presbyterian,0,Furman,2,Big South,SoCon
Memphis,1,Missouri St.,3,The American,MVC
Georgia St.,1,Mercer,1,Sun Belt,SoCon
Monmouth,1,Penn,0,CAA,Ivy League
Clemson,4,Queens (NC),2,ACC,ASUN
Princeton,0,Army West Point,1,Ivy League,Patriot
Ga. Southern,1,James Madison,3,Sun Belt,Sun Belt
Virginia Tech,6,Winthrop,0,ACC,Big South
Saint Joseph's,2,Mount St. Mary's,0,Atlantic 10,MAAC
Delaware,4,George Washington,1,CAA,Atlantic 10
UNC Greensboro,4,Elon,1,SoCon,CAA
Dayton,5,West Virginia,1,Atlantic 10,Sun Belt
Kentucky,2,Bradley,2,Sun Belt,MVC
Wofford,0,Longwood,1,SoCon,Big South
UConn,0,Bryant,0,Big East,America East
Virginia,4,American,2,ACC,Patriot
Michigan,0,Indiana,5,Big Ten,Big Ten
SMU,1,Central Ark.,0,ACC,ASUN
Northwestern,0,Wisconsin,0,Big Ten,Big Ten
VMI,10,Mary Baldwin,0,SoCon,Not D1
Western Ill.,2,Southern Ind.,0,OVC,OVC
Sacramento St.,5,CSUN,0,Big West,Big West
Col. of Charleston,2,North Florida,1,CAA,ASUN
VCU,1,FIU,1,Atlantic 10,The American
Duke,10,Howard,0,ACC,NEC
Louisville,2,Evansville,2,ACC,MVC
Denver,2,Omaha,0,Summit League,Summit League
Oral Roberts,1,Kansas City,2,Summit League,Summit League
UC Irvine,1,CSU Bakersfield,0,Big West,Big West
UC Santa Barbara,3,UC Davis,1,Big West,Big West
UC Riverside,3,Cal St. Fullerton,3,Big West,Big West
UC San Diego,1,Cal Poly,0,Big West,Big West
FDU,1,Stonehill,3,NEC,NEC
San Diego St.,2,Seattle U,1,WAC,WAC
Liberty,2,Eastern Ill.,0,OVC,OVC
Houston Christian,1,Lindenwood,1,OVC,OVC
UIW,0,SIUE,0,OVC,OVC
Utah Tech,1,Grand Canyon,0,WAC,WAC
San Diego,2,Santa Clara,1,WCC,WCC
California Baptist,3,San Jose St.,0,WAC,WAC
San Francisco,2,Stanford,0,WCC,ACC
UNLV,2,UTRGV,0,WAC,WAC
Rutgers,0,UCLA,3,Big Ten,Big Ten
Indiana,3,Michigan St.,1,Big Ten,Big Ten
UCF,2,Old Dominion,0,Sun Belt,Sun Belt
South Fla.,1,Memphis,0,The American,The American
Winthrop,0,High Point,3,Big South,Big South
Ga. Southern,1,Georgia St.,1,Sun Belt,Sun Belt
UIC,0,Belmont,1,MVC,MVC
Tulsa,0,Charlotte,1,AAC,The American
Coastal Carolina,0,Marshall,0,Sun Belt,Sun Belt
Northwestern,1,Michigan,0,Big Ten,Big Ten
Portland,2,California,0,WCC,ACC
Oregon St.,4,Gonzaga,2,WCC,WCC
Washington,3,Penn St.,1,Big Ten,Big Ten
St. Bonaventure,1,Dayton,2,Atlantic 10,Atlantic 10
Providence,1,St. John's (NY),1,Big East,Big East
Brown,3,Harvard,1,Ivy League,Ivy League
West Virginia,1,South Carolina,0,Sun Belt,Sun Belt
Georgetown,2,Seton Hall,0,Big East,Big East
Northeastern,6,Delaware,0,CAA,CAA
Loyola Maryland,4,Lehigh,1,Patriot,Patriot
Drexel,1,William & Mary,1,CAA,CAA
Saint Peter's,1,Merrimack,2,MAAC,MAAC
IU Indy,2,Northern Ky.,1,Horizon,Horizon
Bradley,1,Drake,2,MVC,MVC
UNCW,4,Stony Brook,0,CAA,CAA
DePaul,0,Akron,4,Big East,Big East
Canisius,1,Sacred Heart,2,MAAC,MAAC
Colgate,0,Boston U.,1,Patriot,Patriot
NJIT,2,UAlbany,1,America East,America East
Radford,0,UNC Asheville,0,Big South,Big South
Siena,2,Iona,1,MAAC,MAAC
Quinnipiac,0,Marist,2,MAAC,MAAC
Wright St.,1,Oakland,2,Horizon,Horizon
Columbia,1,Princeton,2,Ivy League,Ivy League
Loyola Chicago,2,La Salle,1,Atlantic 10,Atlantic 10
Mount St. Mary's,1,Niagara,0,MAAC,MAAC
Creighton,3,Villanova,1,Big East,Big East
Vermont,1,Bryant,0,America East,America East
Saint Joseph's,1,George Mason,4,Atlantic 10,Atlantic 10
Sacramento St.,3,UC Santa Barbara,1,Big West,Big West
NC State,5,SMU,1,ACC,ACC
North Carolina,1,Pittsburgh,2,ACC,ACC
Fordham,3,George Washington,1,Atlantic 10,Atlantic 10
Jacksonville,0,Queens (NC),0,ASUN,ASUN
Binghamton,1,UMass Lowell,0,America East,America East
New Hampshire,2,UMBC,1,America East,America East
Fairfield,0,Rider,1,MAAC,MAAC
Purdue Fort Wayne,1,Detroit Mercy,1,Horizon,Horizon
FGCU,2,Lipscomb,0,ASUN,ASUN
Xavier,0,Marquette,0,Big East,Big East
Campbell,0,Col. of Charleston,2,CAA,CAA
Dartmouth,4,Yale,0,Ivy League,Ivy League
Notre Dame,1,Boston College,1,ACC,ACC
Butler,0,UConn,1,Big East,Big East
Duquesne,1,Davidson,0,Atlantic 10,Atlantic 10
Wake Forest,2,Virginia Tech,1,ACC,ACC
Stetson,1,Central Ark.,1,ASUN,ASUN
North Florida,3,Bellarmine,0,ASUN,ASUN
Wofford,3,UNC Greensboro,2,SoCon,SoCon
Mercer,0,ETSU,1,SoCon,SoCon
Virginia,3,Syracuse,0,ACC,ACC
James Madison,2,Kentucky,0,Sun Belt,Sun Belt
Furman,4,VMI,1,SoCon,SoCon
American,1,Lafayette,0,Patriot,Patriot
Monmouth,1,Elon,0,CAA,CAA
Presbyterian,1,USC Upstate,2,Big South,Big South
Rhode Island,1,Massachusetts,2,Atlantic 10,Atlantic 10
Longwood,1,Gardner-Webb,2,Big South,Big South
Wisconsin,2,Ohio St.,3,Big Ten,Big Ten
Milwaukee,1,Cleveland St.,0,Horizon,Horizon
Omaha,0,Oral Roberts,1,Summit League,Summit League
UAB,0,Temple,1,AAC,The American
Saint Louis,1,VCU,1,Atlantic 10,Atlantic 10
Kansas City,1,St. Thomas (MN),2,Summit League,Summit League
NIU,1,Evansville,2,MVC,MVC
Cal St. Fullerton,0,Cal Poly,1,Big West,Big West
CSU Bakersfield,3,UC San Diego,1,Big West,Big West
CSUN,0,UC Irvine,1,Big West,Big West
UC Riverside,1,UC Davis,1,Big West,Big West
Saint Francis,3,Chicago St.,1,NEC,NEC
Cornell,2,Penn,3,Ivy League,Ivy League
Stonehill,3,Mercyhurst,3,NEC,NEC
Le Moyne,4,Central Conn. St.,0,NEC,NEC
Robert Morris,5,Green Bay,0,Horizon,Horizon
Holy Cross,3,Navy,0,Patriot,Patriot
Army West Point,0,Bucknell,1,Patriot,Patriot
Liberty,5,Southern Ind.,0,OVC,OVC
UIW,2,Lindenwood,2,OVC,OVC
Houston Christian,1,SIUE,0,OVC,OVC
Howard,4,LIU,1,NEC,NEC
Air Force,0,Utah Valley,2,WAC,WAC
Western Ill.,1,Eastern Ill.,2,OVC,OVC
Utah Tech,1,UTRGV,1,WAC,WAC
San Diego St.,1,San Jose St.,0,WAC,WAC
FIU,1,Fla. Atlantic,2,The American,The American
California Baptist,0,Seattle U,1,WAC,WAC
Missouri St.,2,Bowling Green,1,MVC,MVC
UNLV,0,Grand Canyon,0,WAC,WAC
Maryland,1,UCLA,1,Big Ten,Big Ten
Stanford,1,Pacific,1,ACC,WCC
Washington,2,LMU (CA),0,Big Ten,WCC
Gardner-Webb,3,UAB,2,Big South,AAC
California,4,Saint Mary's (CA),2,ACC,WCC
Presbyterian,1,UNC Asheville,2,Big South,Big South
Furman,2,Wofford,0,SoCon,SoCon
Duquesne,1,Northern Ky.,0,Atlantic 10,Horizon
UAlbany,3,Colgate,1,America East,Patriot
Notre Dame,5,UIC,0,ACC,MVC
Duke,5,Queens (NC),0,ACC,ASUN
Lafayette,4,Stony Brook,2,Patriot,CAA
Louisville,4,Milwaukee,0,ACC,Horizon
Wright St.,3,Bellarmine,2,Horizon,ASUN
South Fla.,1,Hofstra,3,The American,CAA
Davidson,8,JWU (Charlotte),0,Atlantic 10,Not D1
Michigan St.,0,Michigan,0,Big Ten,Big Ten
Clemson,6,USC Upstate,0,ACC,Big South
NJIT,2,Drexel,1,America East,CAA
Fordham,0,Princeton,1,Atlantic 10,Ivy League
Detroit Mercy,1,Western Mich.,4,Horizon,MVC
Campbell,1,Winthrop,0,CAA,Big South
Loyola Chicago,4,Olivet Nazarene,1,Atlantic 10,Not D1
Iona,1,Marist,0,MAAC,MAAC
DePaul,2,Marquette,2,Big East,Big East
Villanova,3,Georgetown,3,Big East,Big East
Siena,1,Canisius,1,MAAC,MAAC
William & Mary,2,NC State,4,CAA,ACC
UC Davis,1,CSU Bakersfield,0,Big West,Big West
Sacred Heart,3,Saint Peter's,1,MAAC,MAAC
Manhattan,4,Quinnipiac,2,MAAC,MAAC
Seton Hall,0,St. John's (NY),1,Big East,Big East
UConn,1,Providence,2,Big East,Big East
UNC Greensboro,3,UNCW,1,SoCon,CAA
Elon,0,Charlotte,2,CAA,The American
Butler,5,Xavier,1,Big East,Big East
Merrimack,2,Fairfield,2,MAAC,MAAC
Akron,3,Creighton,0,Big East,Big East
West Virginia,2,Georgia St.,1,Sun Belt,Sun Belt
Harvard,1,Stonehill,2,Ivy League,NEC
Coastal Carolina,2,Old Dominion,3,Sun Belt,Sun Belt
UCF,2,Kentucky,1,Sun Belt,Sun Belt
Missouri St.,0,Saint Louis,0,MVC,Atlantic 10
South Carolina,3,James Madison,1,Sun Belt,Sun Belt
Marshall,4,Ga. Southern,1,Sun Belt,Sun Belt
UC Santa Barbara,4,CSUN,3,Big West,Big West
Cal St. Fullerton,3,Sacramento St.,1,Big West,Big West
Cal Poly,1,UC Irvine,1,Big West,Big West
UC San Diego,0,UC Riverside,1,Big West,Big West
Mercyhurst,2,Le Moyne,0,NEC,NEC
UTRGV,0,San Diego St.,0,WAC,WAC
Air Force,2,Utah Tech,3,WAC,WAC
Chicago St.,1,FDU,2,NEC,NEC
Utah Valley,0,UNLV,0,WAC,WAC
Grand Canyon,1,California Baptist,2,WAC,WAC
Virginia Tech,0,Duke,1,ACC,ACC
Delaware,1,Drexel,2,CAA,CAA
Pittsburgh,4,Virginia,1,ACC,ACC
Michigan,2,Maryland,0,Big Ten,Big Ten
Central Ark.,1,FGCU,2,ASUN,ASUN
Ohio St.,2,Northwestern,0,Big Ten,Big Ten
Belmont,0,NIU,1,MVC,MVC
Clemson,6,Syracuse,1,ACC,ACC
SMU,3,Wake Forest,0,ACC,ACC
Evansville,1,Bowling Green,0,MVC,MVC
Lindenwood,1,Liberty,0,OVC,OVC
Gonzaga,1,Portland,2,WCC,WCC
Washington,2,Rutgers,0,Big Ten,Big Ten
UCLA,1,Indiana,2,Big Ten,Big Ten
Western Mich.,0,Bradley,0,MVC,MVC
Col. of Charleston,3,Hofstra,1,CAA,CAA
Massachusetts,1,Duquesne,0,Atlantic 10,Atlantic 10
Harvard,1,Columbia,0,Ivy League,Ivy League
Northern Ky.,1,Milwaukee,4,Horizon,Horizon
Canisius,2,Mount St. Mary's,1,MAAC,MAAC
Detroit Mercy,2,Wright St.,0,Horizon,Horizon
Bucknell,1,Colgate,0,Patriot,Patriot
Oakland,3,Robert Morris,2,Horizon,Horizon
Villanova,0,Providence,1,Big East,Big East
Lafayette,1,Loyola Maryland,0,Patriot,Patriot
Boston U.,2,American,2,Patriot,Patriot
Georgetown,4,DePaul,0,Big East,Big East
Temple,0,FIU,0,The American,The American
VMI,0,UNC Greensboro,1,SoCon,SoCon
St. John's (NY),1,UConn,1,Big East,Big East
Radford,1,Winthrop,3,Big South,Big South
Niagara,0,Manhattan,2,MAAC,MAAC
UNCW,3,Monmouth,0,CAA,CAA
Saint Peter's,2,Fairfield,0,MAAC,MAAC
Eastern Ill.,2,Southern Ind.,2,OVC,OVC
St. Thomas (MN),0,Denver,4,Summit League,Summit League
Green Bay,2,IU Indy,0,Horizon,Horizon
Longwood,0,UNC Asheville,4,Big South,Big South
SIUE,3,Western Ill.,0,OVC,OVC
Quinnipiac,0,Iona,1,MAAC,MAAC
Creighton,6,Butler,1,Big East,Big East
Princeton,1,Yale,0,Ivy League,Ivy League
Saint Joseph's,3,Rhode Island,2,Atlantic 10,Atlantic 10
Davidson,1,Dayton,5,Atlantic 10,Atlantic 10
UAlbany,1,New Hampshire,5,America East,America East
Lehigh,0,Navy,1,Patriot,Patriot
Gardner-Webb,4,USC Upstate,0,Big South,Big South
UMass Lowell,1,NJIT,1,America East,America East
ETSU,1,Furman,1,SoCon,SoCon
Queens (NC),0,North Florida,2,ASUN,ASUN
George Mason,4,St. Bonaventure,1,Atlantic 10,Atlantic 10
UC Davis,2,UC San Diego,0,Big West,Big West
Holy Cross,1,Army West Point,0,Patriot,Patriot
Elon,4,Northeastern,2,CAA,CAA
Cleveland St.,3,Purdue Fort Wayne,0,Horizon,Horizon
Marist,0,Merrimack,0,MAAC,MAAC
Xavier,0,Seton Hall,1,Big East,Big East
La Salle,1,VCU,1,Atlantic 10,Atlantic 10
Brown,0,Cornell,1,Ivy League,Ivy League
Bellarmine,2,Jacksonville,1,ASUN,ASUN
Rider,1,Siena,0,MAAC,MAAC
Fordham,5,Loyola Chicago,1,Atlantic 10,Atlantic 10
Boston College,4,Stony Brook,2,ACC,CAA
Mercer,0,Wofford,1,SoCon,SoCon
UMBC,1,Vermont,0,America East,America East
William & Mary,2,Campbell,3,CAA,CAA
Penn,3,Dartmouth,2,Ivy League,Ivy League
South Fla.,1,Tulsa,2,The American,AAC
Presbyterian,1,High Point,2,Big South,Big South
Penn St.,0,Wisconsin,2,Big Ten,Big Ten
Kansas City,3,Omaha,2,Summit League,Summit League
Lipscomb,1,Stetson,1,ASUN,ASUN
Saint Louis,5,George Washington,0,Atlantic 10,Atlantic 10
Drake,1,UIC,0,MVC,MVC
UIW,0,Houston Christian,0,OVC,OVC
Memphis,2,Fla. Atlantic,1,The American,The American
Marquette,0,Akron,3,Big East,Big East
UC Irvine,3,Sacramento St.,1,Big West,Big West
UC Santa Barbara,1,Cal St. Fullerton,1,Big West,Big West
LMU (CA),1,San Francisco,2,WCC,WCC
CSU Bakersfield,4,UC Riverside,1,Big West,Big West
CSUN,1,Cal Poly,1,Big West,Big West
Pacific,1,Santa Clara,2,WCC,WCC
San Jose St.,1,Seattle U,4,WAC,WAC
San Diego,2,Oregon St.,0,WCC,WCC
Le Moyne,2,Howard,0,NEC,NEC
FDU,3,Mercyhurst,0,NEC,NEC
LIU,2,Stonehill,0,NEC,NEC
UTRGV,2,California Baptist,0,WAC,WAC
Central Conn. St.,0,Saint Francis,2,NEC,NEC
Bryant,4,Binghamton,1,America East,America East
Air Force,0,UNLV,3,WAC,WAC
California,0,Notre Dame,2,ACC,ACC
Georgia St.,3,Marshall,3,Sun Belt,Sun Belt
NC State,1,Louisville,0,ACC,ACC
Old Dominion,1,South Carolina,3,Sun Belt,Sun Belt
Charlotte,0,UAB,0,The American,AAC
James Madison,2,West Virginia,2,Sun Belt,Sun Belt
Ga. Southern,2,UCF,0,Sun Belt,Sun Belt
Kentucky,5,Coastal Carolina,0,Sun Belt,Sun Belt
Stanford,1,North Carolina,2,ACC,ACC
Grand Canyon,0,San Diego St.,1,WAC,WAC
Utah Valley,2,Utah Tech,1,WAC,WAC
Bellarmine,2,FGCU,0,ASUN,ASUN
Villanova,1,Drexel,1,Big East,CAA
VMI,0,Queens (NC),3,SoCon,ASUN
Ohio St.,2,Michigan St.,2,Big Ten,Big Ten
Gardner-Webb,1,UNC Asheville,1,Big South,Big South
Virginia Tech,2,Davidson,2,ACC,Atlantic 10
Rutgers,3,Maryland,1,Big Ten,Big Ten
Clemson,2,Wofford,1,ACC,SoCon
Mercer,4,Winthrop,0,SoCon,Big South
Brown,2,Rhode Island,1,Ivy League,Atlantic 10
Duke,4,Longwood,1,ACC,Big South
Princeton,5,Seton Hall,2,Ivy League,Big East
Belmont,2,Lipscomb,0,MVC,ASUN
Indiana,6,Northwestern,1,Big Ten,Big Ten
Saint Louis,7,Blackburn,0,Atlantic 10,Not D1
Quinnipiac,3,Merrimack,2,MAAC,MAAC
Mount St. Mary's,1,Saint Peter's,3,MAAC,MAAC
Marist,4,Niagara,1,MAAC,MAAC
Virginia,4,Mary Washington,2,ACC,Not D1
Manhattan,0,Rider,2,MAAC,MAAC
Dayton,2,VCU,0,Atlantic 10,Atlantic 10
Fairfield,1,Sacred Heart,0,MAAC,MAAC
Denver,2,Kansas City,1,Summit League,Summit League
Oral Roberts,3,St. Thomas (MN),0,Summit League,Summit League
Oregon St.,5,LMU (CA),1,WCC,WCC
Portland,2,Saint Mary's (CA),2,WCC,WCC
San Francisco,0,San Diego,1,WCC,WCC
Santa Clara,1,Gonzaga,0,WCC,WCC
Mercyhurst,0,LIU,0,NEC,NEC
Western Ill.,0,UIW,2,OVC,OVC
Eastern Ill.,0,Lindenwood,2,OVC,OVC
Southern Ind.,1,SIUE,2,OVC,OVC
San Jose St.,3,Grand Canyon,0,WAC,WAC
West Virginia,0,Coastal Carolina,0,Sun Belt,Sun Belt
Howard,0,FDU,1,NEC,NEC
Liberty,0,Houston Christian,0,OVC,OVC
California Baptist,4,Air Force,2,WAC,WAC
Seattle U,3,UTRGV,1,WAC,WAC
American,1,Holy Cross,1,Patriot,Patriot
Oakland,1,Green Bay,0,Horizon,Horizon
Purdue Fort Wayne,1,Northern Ky.,3,Horizon,Horizon
Robert Morris,1,Detroit Mercy,1,Horizon,Horizon
UMass Lowell,1,Vermont,2,America East,America East
Virginia Tech,2,Clemson,2,ACC,ACC
Lehigh,1,Colgate,2,Patriot,Patriot
Milwaukee,3,IU Indy,1,Horizon,Horizon
Army West Point,2,Loyola Maryland,2,Patriot,Patriot
Binghamton,1,UAlbany,1,America East,America East
Indiana,4,Trine,1,Big Ten,Not D1
Wake Forest,1,NC State,0,ACC,ACC
High Point,0,Gardner-Webb,1,Big South,Big South
FIU,2,Memphis,2,The American,The American
UCF,4,South Carolina,0,Sun Belt,Sun Belt
UAB,2,South Fla.,4,AAC,The American
Louisville,2,SMU,3,ACC,ACC
Syracuse,2,Pittsburgh,0,ACC,ACC
Duke,4,Notre Dame,0,ACC,ACC
James Madison,0,Georgia St.,1,Sun Belt,Sun Belt
Ga. Southern,2,Old Dominion,3,Sun Belt,Sun Belt
Bowling Green,3,Western Mich.,0,MVC,MVC
Bryant,0,UMBC,1,America East,America East
Navy,0,Boston U.,1,Patriot,Patriot
NJIT,0,New Hampshire,0,America East,America East
Kentucky,1,Marshall,1,Sun Belt,Sun Belt
Bucknell,1,Lafayette,1,Patriot,Patriot
Wright St.,1,Cleveland St.,4,Horizon,Horizon
North Carolina,0,Boston College,1,ACC,ACC
UIC,2,Bradley,0,MVC,MVC
Missouri St.,6,Evansville,1,MVC,MVC
Tulsa,0,Temple,1,AAC,The American
NIU,2,Drake,3,MVC,MVC
Stanford,0,California,1,ACC,ACC
Stony Brook,0,William & Mary,2,CAA,CAA
Drexel,5,Col. of Charleston,1,CAA,CAA
Iona,2,Manhattan,1,MAAC,MAAC
George Washington,1,La Salle,2,Atlantic 10,Atlantic 10
Rider,2,Marist,2,MAAC,MAAC
VMI,1,Wofford,2,SoCon,SoCon
Marquette,2,Creighton,5,Big East,Big East
Seton Hall,1,Villanova,0,Big East,Big East
St. John's (NY),2,Georgetown,0,Big East,Big East
UConn,0,Akron,0,Big East,Big East
Longwood,2,Radford,2,Big South,Big South
Fairfield,2,Canisius,2,MAAC,MAAC
Butler,3,DePaul,5,Big East,Big East
Niagara,0,Quinnipiac,1,MAAC,MAAC
Providence,1,Xavier,0,Big East,Big East
Loyola Chicago,4,Saint Joseph's,1,Atlantic 10,Atlantic 10
St. Thomas (MN),0,Omaha,5,Summit League,Summit League
Siena,2,Mount St. Mary's,2,MAAC,MAAC
Saint Mary's (CA),3,Gonzaga,1,WCC,WCC
St. Bonaventure,1,Massachusetts,5,Atlantic 10,Atlantic 10
Merrimack,3,Sacred Heart,2,MAAC,MAAC
Cornell,3,Harvard,0,Ivy League,Ivy League
Yale,0,Penn,1,Ivy League,Ivy League
FGCU,0,Queens (NC),1,ASUN,ASUN
Northeastern,3,UNCW,0,CAA,CAA
UNC Greensboro,3,ETSU,2,SoCon,SoCon
Sacramento St.,2,UC Davis,4,Big West,Big West
Campbell,1,Elon,2,CAA,CAA
Jacksonville,3,Lipscomb,2,ASUN,ASUN
Winthrop,2,Presbyterian,5,Big South,Big South
VCU,0,George Mason,0,Atlantic 10,Atlantic 10
USC Upstate,1,UNC Asheville,4,Big South,Big South
Dartmouth,1,Princeton,2,Ivy League,Ivy League
Duquesne,1,Fordham,1,Atlantic 10,Atlantic 10
Fla. Atlantic,6,Charlotte,1,The American,The American
Dayton,4,Saint Louis,1,Atlantic 10,Atlantic 10
Stetson,1,Bellarmine,1,ASUN,ASUN
North Florida,2,Central Ark.,6,ASUN,ASUN
Furman,1,Mercer,1,SoCon,SoCon
Hofstra,4,Delaware,0,CAA,CAA
Rhode Island,1,Davidson,2,Atlantic 10,Atlantic 10
Oral Roberts,0,Denver,1,Summit League,Summit League
Portland,5,LMU (CA),0,WCC,WCC
Cal St. Fullerton,1,CSUN,1,Big West,Big West
Pacific,0,San Diego,1,WCC,WCC
UC Riverside,2,UC Santa Barbara,0,Big West,Big West
UC San Diego,2,UC Irvine,2,Big West,Big West
Cal Poly,1,CSU Bakersfield,0,Big West,Big West
Michigan St.,0,Rutgers,1,Big Ten,Big Ten
UCLA,0,Washington,1,Big Ten,Big Ten
Howard,0,Mercyhurst,2,NEC,NEC
Liberty,2,UIW,2,OVC,OVC
Maryland,1,Ohio St.,2,Big Ten,Big Ten
Stonehill,5,Chicago St.,1,NEC,NEC
Saint Francis,4,Le Moyne,0,NEC,NEC
LIU,1,Central Conn. St.,0,NEC,NEC
Eastern Ill.,0,SIUE,3,OVC,OVC
Western Ill.,1,Houston Christian,0,OVC,OVC
Lindenwood,7,Southern Ind.,0,OVC,OVC
Columbia,1,Brown,3,Ivy League,Ivy League
Wisconsin,1,Michigan,1,Big Ten,Big Ten
Northwestern,4,Penn St.,1,Big Ten,Big Ten
San Diego St.,2,Air Force,0,WAC,WAC
Utah Tech,2,UNLV,1,WAC,WAC
Oregon St.,1,San Francisco,1,WCC,WCC
Seattle U,5,Grand Canyon,0,WAC,WAC
San Jose St.,0,UTRGV,0,WAC,WAC
California Baptist,0,Utah Valley,1,WAC,WAC
Kansas City,12,Avila,0,Summit League,Not D1
St. John's (NY),7,CCNY,1,Big East,Not D1
Green Bay,1,Milwaukee,1,Horizon,Horizon
Northern Ky.,1,Wright St.,4,Horizon,Horizon
Cleveland St.,3,Robert Morris,2,Horizon,Horizon
IU Indy,0,Purdue Fort Wayne,1,Horizon,Horizon
New Hampshire,4,UMass Lowell,0,America East,America East
Colgate,3,Army West Point,0,Patriot,Patriot
Holy Cross,1,Boston U.,1,Patriot,Patriot
Vermont,1,Binghamton,1,America East,America East
Loyola Maryland,0,Bucknell,0,Patriot,Patriot
Coastal Carolina,1,UCF,2,Sun Belt,Sun Belt
UMBC,2,NJIT,0,America East,America East
Old Dominion,1,James Madison,0,Sun Belt,Sun Belt
UAlbany,0,Bryant,4,America East,America East
Lafayette,1,Lehigh,2,Patriot,Patriot
Navy,1,American,3,Patriot,Patriot
Georgia St.,4,Kentucky,7,Sun Belt,Sun Belt
South Carolina,3,Ga. Southern,0,Sun Belt,Sun Belt
Marshall,0,West Virginia,0,Sun Belt,Sun Belt
Saint Peter's,0,Iona,4,MAAC,MAAC
Quinnipiac,3,Fairfield,1,MAAC,MAAC
Western Mich.,2,UIC,1,MVC,MVC
UC Davis,2,CSU Bakersfield,1,Big West,Big West
Rider,3,Mount St. Mary's,0,MAAC,MAAC
Canisius,1,Niagara,0,MAAC,MAAC
UNC Asheville,3,Longwood,4,Big South,Big South
Sacred Heart,0,Manhattan,0,MAAC,MAAC
North Carolina,1,California,2,ACC,ACC
Clemson,3,Louisville,1,ACC,ACC
Winthrop,1,Presbyterian,2,Big South,Big South
Marist,2,Siena,5,MAAC,MAAC
Evansville,2,Belmont,2,MVC,MVC
Duke,2,Virginia Tech,0,ACC,ACC
Wake Forest,2,Syracuse,1,ACC,ACC
NC State,1,Virginia,2,ACC,ACC
Drake,0,Missouri St.,1,MVC,MVC
Bradley,3,NIU,3,MVC,MVC
SMU,1,Boston College,0,ACC,ACC
UC Irvine,1,Cal St. Fullerton,0,Big West,Big West
Oregon St.,3,Bowling Green,1,WCC,MVC
Stanford,3,Notre Dame,2,ACC,ACC
Warner,0,Stetson,4,Not D1,ASUN
Indiana,0,Michigan,1,Big Ten,Big Ten
Monmouth,1,UNCW,1,CAA,CAA
Le Moyne,1,LIU,2,NEC,NEC
Central Conn. St.,3,Stonehill,2,NEC,NEC
FDU,4,Saint Francis,1,NEC,NEC
Maryland,0,UCLA,6,Big Ten,Big Ten
Hofstra,3,Col. of Charleston,2,CAA,CAA
Washington,0,Michigan St.,0,Big Ten,Big Ten
Chicago St.,3,Howard,1,NEC,NEC
Fla. Atlantic,0,FIU,1,The American,The American
Wofford,3,VMI,0,SoCon,SoCon
Furman,2,Mercer,0,SoCon,SoCon
Dayton,1,Davidson,0,Atlantic 10,Atlantic 10
George Mason,2,La Salle,0,Atlantic 10,Atlantic 10
Charlotte,3,Temple,1,The American,The American
Massachusetts,0,Saint Louis,0,Atlantic 10,Atlantic 10
Georgetown,1,Creighton,0,Big East,Big East
Harvard,2,Dartmouth,0,Ivy League,Ivy League
Princeton,0,Penn,1,Ivy League,Ivy League
Omaha,1,Denver,2,Summit League,Summit League
Cornell,4,Columbia,1,Ivy League,Ivy League
Saint Mary's (CA),2,San Francisco,3,WCC,WCC
St. John's (NY),2,Seton Hall,0,Big East,Big East
Central Ark.,3,Queens (NC),2,ASUN,ASUN
Bryant,4,NJIT,0,America East,America East
Colgate,2,Lehigh,1,Patriot,Patriot
American,2,Loyola Maryland,2,Patriot,Patriot
Duquesne,0,Fordham,3,Atlantic 10,Atlantic 10
FGCU,1,Bellarmine,1,ASUN,ASUN
Akron,3,DePaul,1,Big East,Big East
Brown,1,Yale,0,Ivy League,Ivy League
Providence,2,UConn,0,Big East,Big East
UMBC,1,Binghamton,0,America East,America East
Kansas City,2,Oral Roberts,1,Summit League,Summit League
Gonzaga,0,Pacific,2,WCC,WCC
San Diego,0,Portland,2,WCC,WCC
UC Santa Barbara,2,UC Irvine,1,Big West,Big West
Santa Clara,0,LMU (CA),1,WCC,WCC
Western Mich.,1,Evansville,2,MVC,MVC
Quinnipiac,1,Marist,2,MAAC,MAAC
Iona,3,Mount St. Mary's,0,MAAC,MAAC
Siena,2,Manhattan,1,MAAC,MAAC
Green Bay,3,Cleveland St.,1,Horizon,Horizon
Milwaukee,1,Purdue Fort Wayne,0,Horizon,Horizon
UNC Greensboro,1,Furman,1,SoCon,SoCon
Lindenwood,2,Western Ill.,1,OVC,OVC
Rider,1,Sacred Heart,0,MAAC,MAAC
ETSU,1,Wofford,1,SoCon,SoCon
Elon,0,Hofstra,2,CAA,CAA
Clemson,1,Stanford,0,ACC,ACC
UCLA,1,Michigan,1,Big Ten,Big Ten
Gardner-Webb,2,Presbyterian,0,Big South,Big South
West Virginia,3,Ga. Southern,2,Sun Belt,Sun Belt
Marshall,3,Old Dominion,2,Sun Belt,Sun Belt
Drexel,0,UNCW,2,CAA,CAA
SMU,2,Wake Forest,2,ACC,ACC
Cal Poly,1,UC Davis,1,Big West,Big West
Liberty,2,UIW,3,OVC,OVC
Ohio St.,3,Washington,1,Big Ten,Big Ten
Bowling Green,4,UIC,1,MVC,MVC
High Point,1,Longwood,0,Big South,Big South
Duke,0,California,2,ACC,ACC
Utah Valley,0,San Jose St.,1,WAC,WAC
Kentucky,1,South Carolina,0,Sun Belt,Sun Belt
UCF,1,James Madison,2,Sun Belt,Sun Belt
Pittsburgh,0,Virginia,2,ACC,ACC
California Baptist,1,Utah Tech,0,WAC,WAC
Stetson,0,Central Ark.,3,ASUN,ASUN
North Florida,3,FGCU,0,ASUN,ASUN
Bucknell,1,American,1,Patriot,Patriot
Boston U.,0,Colgate,1,Patriot,Patriot
Houston Christian,2,Lindenwood,0,OVC,OVC
Drake,0,Bowling Green,1,MVC,MVC
New Hampshire,0,Bryant,0,America East,America East
San Diego St.,2,San Jose St.,3,WAC,WAC
Vermont,2,UMBC,1,America East,America East
George Mason,1,Saint Louis,2,Atlantic 10,Atlantic 10
Dayton,2,Fordham,0,Atlantic 10,Atlantic 10
Missouri St.,0,Evansville,1,MVC,MVC
SIUE,1,UIW,0,OVC,OVC
West Virginia,2,Kentucky,1,Sun Belt,Sun Belt
Marshall,1,James Madison,0,Sun Belt,Sun Belt
Seattle U,3,California Baptist,1,WAC,WAC
Iona,3,Marist,1,MAAC,MAAC
Oakland,2,Green Bay,0,Horizon,Horizon
Saint Francis,1,LIU,4,NEC,NEC
Robert Morris,1,Milwaukee,0,Horizon,Horizon
South Fla.,0,Charlotte,1,The American,The American
Providence,2,St. John's (NY),1,Big East,Big East
Wake Forest,5,Virginia,1,ACC,ACC
FDU,3,Le Moyne,2,NEC,NEC
Rider,1,Siena,0,MAAC,MAAC
Akron,1,Georgetown,2,Big East,Big East
Memphis,1,FIU,3,The American,The American
Clemson,3,California,2,ACC,ACC
Penn,2,Brown,1,Ivy League,Ivy League
Cornell,2,Princeton,3,Ivy League,Ivy League
UC Santa Barbara,0,UC Davis,2,Big West,Big West
Oakland,0,Robert Morris,1,Horizon,Horizon
Denver,1,Kansas City,2,Summit League,Summit League
High Point,1,Gardner-Webb,2,Big South,Big South
Bucknell,3,Colgate,0,Patriot,Patriot
Hofstra,1,UNCW,0,CAA,CAA
North Florida,3,Central Ark.,3,ASUN,ASUN
SIUE,3,Houston Christian,2,OVC,OVC
Bowling Green,2,Evansville,3,MVC,MVC
Seattle U,3,San Jose St.,0,WAC,WAC
LMU (CA),0,San Diego,1,WCC,WCC
Portland,3,Oregon St.,2,WCC,WCC
San Francisco,1,Santa Clara,0,WCC,WCC
Pacific,3,Saint Mary's (CA),1,WCC,WCC
Clemson,1,Wake Forest,1,ACC,ACC
Dayton,3,Saint Louis,0,Atlantic 10,Atlantic 10
FDU,0,LIU,0,NEC,NEC
Providence,1,Georgetown,2,Big East,Big East
Charlotte,2,FIU,1,The American,The American
Penn,1,Princeton,3,Ivy League,Ivy League
Iona,1,Rider,0,MAAC,MAAC
West Virginia,0,Marshall,0,Sun Belt,Sun Belt
Vermont,2,Bryant,1,America East,America East
ETSU,0,Furman,2,SoCon,SoCon
Ohio St.,1,Michigan,0,Big Ten,Big Ten
Massachusetts,2,Evansville,1,Atlantic 10,MVC
Western Mich.,5,SIUE,1,MVC,OVC
Cornell,4,Fordham,2,Ivy League,Atlantic 10
North Carolina,0,Furman,0,ACC,SoCon
West Virginia,2,North Florida,1,Sun Belt,ASUN
Akron,1,Princeton,0,Big East,Ivy League
Vermont,5,Iona,0,America East,MAAC
Michigan,2,Robert Morris,0,Big Ten,Horizon
NC State,2,Charlotte,1,ACC,The American
Maryland,5,LIU,2,Big Ten,NEC
Providence,2,Bucknell,1,Big East,Patriot
Saint Louis,0,Kansas City,2,Atlantic 10,Summit League
Oregon St.,0,Gardner-Webb,1,WCC,Big South
Washington,0,Seattle U,0,Big Ten,WAC
San Diego,1,UC Davis,0,WCC,Big West
UCLA,0,UC Santa Barbara,1,Big Ten,Big West
Ohio St.,2,Western Mich.,1,Big Ten,MVC
Pittsburgh,1,Cornell,0,ACC,Ivy League
Denver,3,Gardner-Webb,0,Summit League,Big South
Georgetown,0,NC State,2,Big East,ACC
Dayton,2,Michigan,0,Atlantic 10,Big Ten
Penn,0,Massachusetts,1,Ivy League,Atlantic 10
Hofstra,1,Vermont,2,CAA,America East
Wake Forest,2,Maryland,1,ACC,Big Ten
Clemson,2,Providence,0,ACC,Big East
Duke,0,San Diego,1,ACC,WCC
Virginia,2,West Virginia,1,ACC,Sun Belt
SMU,2,Washington,1,ACC,Big Ten
Marshall,4,Furman,0,Sun Belt,SoCon
Indiana,2,Akron,1,Big Ten,Big East
Missouri St.,1,Kansas City,2,MVC,Summit League
Stanford,2,UC Santa Barbara,2,ACC,Big West
Denver,1,Indiana,0,Summit League,Big Ten
Dayton,1,SMU,3,Atlantic 10,ACC
Virginia,0,Massachusetts,1,ACC,Atlantic 10
Marshall,2,NC State,1,Sun Belt,ACC
Ohio St.,0,Stanford,0,Big Ten,ACC
Pittsburgh,3,Kansas City,2,ACC,Summit League
Wake Forest,2,Clemson,1,ACC,ACC
San Diego,0,Vermont,1,WCC,America East
Ohio St.,3,Wake Forest,0,Big Ten,ACC
Pittsburgh,0,Vermont,2,ACC,America East
Denver,3,Massachusetts,0,Summit League,Atlantic 10
SMU,2,Marshall,3,ACC,Sun Belt
Ohio St.,0,Marshall,1,Big Ten,Sun Belt
Denver,1,Vermont,1,Summit League,America East
Marshall,1,Vermont,2,Sun Belt,America East
